# Source, Project, Frequency(MHz), Distance(arcmin), TOS(sec), rms(mJy), resolution(arcsec), FOV(arcmin), Tele:conf:sub:nant, Chans, BW(MHz), Polar, First Time, Last Time, thread_id = 21 queryDateTime = 2010-May-03 20:06:57
0318+164, AK0456-public, 4835.100, 0, 850, 0.42, 3.9, 9.0, VLA:C:1:27, 1, 50.000, RR LL RL LR, 99-Jan-08 00:57:19, 99-Jan-08 03:15:10, 03h18m57.801s, +16d28'32.71"
0318+164, AK0456-public, 4885.100, 0, 850, 0.42, 3.9, 9.0, VLA:C:1:27, 1, 50.000, RR LL RL LR, 99-Jan-08 00:57:19, 99-Jan-08 03:15:10, 03h18m57.801s, +16d28'32.71"
G981220, AK0456-public, 4835.100, 0, 2255, 0.258, 3.9, 9.0, VLA:C:1:27, 1, 50.000, RR LL RL LR, 99-Jan-08 00:58:39, 99-Jan-08 03:13:49, 03h42m28.940s, +17d09'14.60"
G981220, AK0456-public, 4885.100, 0, 2255, 0.258, 3.9, 9.0, VLA:C:1:27, 1, 50.000, RR LL RL LR, 99-Jan-08 00:58:39, 99-Jan-08 03:13:49, 03h42m28.940s, +17d09'14.60"
0318+164, AK0456-public, 8435.100, 0, 920, 0.036, 2.3, 5.4, VLA:C:1:27, 1, 50.000, RR LL RL LR, 99-Jan-08 01:12:19, 99-Jan-08 03:52:19, 03h18m57.801s, +16d28'32.71"
0318+164, AK0456-public, 8485.100, 0, 920, 0.036, 2.3, 5.4, VLA:C:1:27, 1, 50.000, RR LL RL LR, 99-Jan-08 01:12:19, 99-Jan-08 03:52:19, 03h18m57.801s, +16d28'32.71"
G981220, AK0456-public, 8435.100, 0, 2815, 0.021, 2.3, 5.4, VLA:C:1:27, 1, 50.000, RR LL RL LR, 99-Jan-08 01:13:10, 99-Jan-08 03:51:00, 03h42m28.940s, +17d09'14.60"
G981220, AK0456-public, 8485.100, 0, 2815, 0.021, 2.3, 5.4, VLA:C:1:27, 1, 50.000, RR LL RL LR, 99-Jan-08 01:13:10, 99-Jan-08 03:51:00, 03h42m28.940s, +17d09'14.60"
0318+164, AK0456-public, 1385.100, 0, 200, 0.097, 12.5, 30.0, VLA:C:1:27, 1, 50.000, RR LL RL LR, 99-Jan-08 01:26:50, 99-Jan-08 03:31:29, 03h18m57.801s, +16d28'32.71"
0318+164, AK0456-public, 1464.900, 0, 200, 0.097, 12.5, 30.0, VLA:C:1:27, 1, 50.000, RR LL RL LR, 99-Jan-08 01:26:50, 99-Jan-08 03:31:29, 03h18m57.801s, +16d28'32.71"
G981220, AK0456-public, 1385.100, 0, 2060, 0.03, 12.5, 30.0, VLA:C:1:27, 1, 50.000, RR LL RL LR, 99-Jan-08 01:27:49, 99-Jan-08 03:37:10, 03h42m28.940s, +17d09'14.60"
G981220, AK0456-public, 1464.900, 0, 2060, 0.03, 12.5, 30.0, VLA:C:1:27, 1, 50.000, RR LL RL LR, 99-Jan-08 01:27:49, 99-Jan-08 03:37:10, 03h42m28.940s, +17d09'14.60"
0542+498, AK0456-public, 8435.100, 0, 165, 0.086, 2.3, 5.4, VLA:C:1:27, 1, 50.000, RR LL RL LR, 99-Jan-08 03:56:00, 99-Jan-08 03:58:39, 05h42m36.138s, +49d51'07.23"
0542+498, AK0456-public, 8485.100, 0, 165, 0.086, 2.3, 5.4, VLA:C:1:27, 1, 50.000, RR LL RL LR, 99-Jan-08 03:56:00, 99-Jan-08 03:58:39, 05h42m36.138s, +49d51'07.23"
0542+498, AK0456-public, 4835.100, 0, 85, 1.328, 3.9, 9.0, VLA:C:1:27, 1, 50.000, RR LL RL LR, 99-Jan-08 03:58:59, 99-Jan-08 04:00:20, 05h42m36.138s, +49d51'07.23"
0542+498, AK0456-public, 4885.100, 0, 85, 1.328, 3.9, 9.0, VLA:C:1:27, 1, 50.000, RR LL RL LR, 99-Jan-08 03:58:59, 99-Jan-08 04:00:20, 05h42m36.138s, +49d51'07.23"
0542+498, AK0456-public, 1385.100, 0, 110, 0.131, 12.5, 30.0, VLA:C:1:27, 1, 50.000, RR LL RL LR, 99-Jan-08 04:00:30, 99-Jan-08 04:02:20, 05h42m36.138s, +49d51'07.23"
0542+498, AK0456-public, 1464.900, 0, 110, 0.131, 12.5, 30.0, VLA:C:1:27, 1, 50.000, RR LL RL LR, 99-Jan-08 04:00:30, 99-Jan-08 04:02:20, 05h42m36.138s, +49d51'07.23"
0134+329, AC0521-public, 1405.463, 0, 870, 1.494, 12.5, 30.0, VLA:C:1:27, 64, 3.100, RR LL, 99-Jan-08 04:05:29, 99-Jan-08 04:19:29, 01h37m41.301s, +33d09'35.06"
0134+329, AC0521-public, 1408.066, 0, 870, 1.494, 12.5, 30.0, VLA:C:1:27, 64, 3.100, RR LL, 99-Jan-08 04:05:29, 99-Jan-08 04:19:29, 01h37m41.301s, +33d09'35.06"
0851+202, AC0521-public, 1405.647, 0, 360, 2.323, 12.5, 30.0, VLA:C:1:27, 64, 3.100, RR LL, 99-Jan-08 04:23:59, 99-Jan-08 04:29:30, 08h54m48.876s, +20d06'30.70"
0851+202, AC0521-public, 1408.250, 0, 360, 2.323, 12.5, 30.0, VLA:C:1:27, 64, 3.100, RR LL, 99-Jan-08 04:23:59, 99-Jan-08 04:29:30, 08h54m48.876s, +20d06'30.70"
PG09_C, AC0521-public, 1405.663, 0, 600, 1.799, 12.5, 30.0, VLA:C:1:27, 64, 3.100, RR LL, 99-Jan-08 04:30:29, 99-Jan-08 04:39:59, 09h25m54.770s, +19d54'04.03"
PG09_C, AC0521-public, 1408.266, 0, 600, 1.799, 12.5, 30.0, VLA:C:1:27, 64, 3.100, RR LL, 99-Jan-08 04:30:29, 99-Jan-08 04:39:59, 09h25m54.770s, +19d54'04.03"
PG09_N, AC0521-public, 1405.662, 0, 570, 1.846, 12.5, 30.0, VLA:C:1:27, 64, 3.100, RR LL, 99-Jan-08 04:41:00, 99-Jan-08 04:50:00, 09h25m54.939s, +20d10'03.98"
PG09_N, AC0521-public, 1408.266, 0, 570, 1.846, 12.5, 30.0, VLA:C:1:27, 64, 3.100, RR LL, 99-Jan-08 04:41:00, 99-Jan-08 04:50:00, 09h25m54.939s, +20d10'03.98"
PG09_E, AC0521-public, 1405.663, 0, 570, 1.846, 12.5, 30.0, VLA:C:1:27, 64, 3.100, RR LL, 99-Jan-08 04:50:59, 99-Jan-08 04:59:59, 09h27m02.763s, +19d54'00.88"
PG09_E, AC0521-public, 1408.266, 0, 570, 1.846, 12.5, 30.0, VLA:C:1:27, 64, 3.100, RR LL, 99-Jan-08 04:50:59, 99-Jan-08 04:59:59, 09h27m02.763s, +19d54'00.88"
PG09_S, AC0521-public, 1405.663, 0, 1110, 1.323, 12.5, 30.0, VLA:C:1:27, 64, 3.100, RR LL, 99-Jan-08 05:01:00, 99-Jan-08 05:19:00, 09h25m54.497s, +19d38'03.99"
PG09_S, AC0521-public, 1408.266, 0, 1110, 1.323, 12.5, 30.0, VLA:C:1:27, 64, 3.100, RR LL, 99-Jan-08 05:01:00, 99-Jan-08 05:19:00, 09h25m54.497s, +19d38'03.99"
PG09_W, AC0521-public, 1405.662, 0, 540, 1.897, 12.5, 30.0, VLA:C:1:27, 64, 3.100, RR LL, 99-Jan-08 05:19:59, 99-Jan-08 05:28:59, 09h24m46.771s, +19d54'07.11"
PG09_W, AC0521-public, 1408.265, 0, 540, 1.897, 12.5, 30.0, VLA:C:1:27, 64, 3.100, RR LL, 99-Jan-08 05:19:59, 99-Jan-08 05:28:59, 09h24m46.771s, +19d54'07.11"
0851+202, AC0521-public, 1405.647, 0, 300, 2.544, 12.5, 30.0, VLA:C:1:27, 64, 3.100, RR LL, 99-Jan-08 05:30:00, 99-Jan-08 05:34:30, 08h54m48.876s, +20d06'30.70"
0851+202, AC0521-public, 1408.250, 0, 300, 2.544, 12.5, 30.0, VLA:C:1:27, 64, 3.100, RR LL, 99-Jan-08 05:30:00, 99-Jan-08 05:34:30, 08h54m48.876s, +20d06'30.70"
PG09_C, AC0521-public, 1405.662, 0, 600, 1.799, 12.5, 30.0, VLA:C:1:27, 64, 3.100, RR LL, 99-Jan-08 05:35:29, 99-Jan-08 05:44:59, 09h25m54.770s, +19d54'04.03"
PG09_C, AC0521-public, 1408.266, 0, 600, 1.799, 12.5, 30.0, VLA:C:1:27, 64, 3.100, RR LL, 99-Jan-08 05:35:29, 99-Jan-08 05:44:59, 09h25m54.770s, +19d54'04.03"
PG09_N, AC0521-public, 1405.662, 0, 570, 1.846, 12.5, 30.0, VLA:C:1:27, 64, 3.100, RR LL, 99-Jan-08 05:46:00, 99-Jan-08 05:55:00, 09h25m54.939s, +20d10'03.98"
PG09_N, AC0521-public, 1408.265, 0, 570, 1.846, 12.5, 30.0, VLA:C:1:27, 64, 3.100, RR LL, 99-Jan-08 05:46:00, 99-Jan-08 05:55:00, 09h25m54.939s, +20d10'03.98"
PG09_E, AC0521-public, 1408.266, 0, 570, 1.846, 12.5, 30.0, VLA:C:1:27, 64, 3.100, RR LL, 99-Jan-08 05:55:59, 99-Jan-08 06:04:59, 09h27m02.763s, +19d54'00.88"
PG09_E, AC0521-public, 1405.663, 0, 570, 1.846, 12.5, 30.0, VLA:C:1:27, 64, 3.100, RR LL, 99-Jan-08 05:55:59, 99-Jan-08 06:04:59, 09h27m02.763s, +19d54'00.88"
PG09_S, AC0521-public, 1405.662, 0, 570, 1.846, 12.5, 30.0, VLA:C:1:27, 64, 3.100, RR LL, 99-Jan-08 06:06:00, 99-Jan-08 06:15:00, 09h25m54.497s, +19d38'03.99"
PG09_S, AC0521-public, 1408.266, 0, 570, 1.846, 12.5, 30.0, VLA:C:1:27, 64, 3.100, RR LL, 99-Jan-08 06:06:00, 99-Jan-08 06:15:00, 09h25m54.497s, +19d38'03.99"
PG09_W, AC0521-public, 1405.662, 0, 570, 1.846, 12.5, 30.0, VLA:C:1:27, 64, 3.100, RR LL, 99-Jan-08 06:15:59, 99-Jan-08 06:24:59, 09h24m46.771s, +19d54'07.11"
PG09_W, AC0521-public, 1408.265, 0, 570, 1.846, 12.5, 30.0, VLA:C:1:27, 64, 3.100, RR LL, 99-Jan-08 06:15:59, 99-Jan-08 06:24:59, 09h24m46.771s, +19d54'07.11"
0851+202, AC0521-public, 1405.647, 0, 330, 2.426, 12.5, 30.0, VLA:C:1:27, 64, 3.100, RR LL, 99-Jan-08 06:26:00, 99-Jan-08 06:31:00, 08h54m48.876s, +20d06'30.70"
0851+202, AC0521-public, 1408.250, 0, 330, 2.426, 12.5, 30.0, VLA:C:1:27, 64, 3.100, RR LL, 99-Jan-08 06:26:00, 99-Jan-08 06:31:00, 08h54m48.876s, +20d06'30.70"
PG09_C, AC0521-public, 1405.662, 0, 570, 1.846, 12.5, 30.0, VLA:C:1:27, 64, 3.100, RR LL, 99-Jan-08 06:31:59, 99-Jan-08 06:40:59, 09h25m54.770s, +19d54'04.03"
PG09_C, AC0521-public, 1408.265, 0, 570, 1.846, 12.5, 30.0, VLA:C:1:27, 64, 3.100, RR LL, 99-Jan-08 06:31:59, 99-Jan-08 06:40:59, 09h25m54.770s, +19d54'04.03"
PG09_N, AC0521-public, 1405.662, 0, 570, 1.846, 12.5, 30.0, VLA:C:1:27, 64, 3.100, RR LL, 99-Jan-08 06:42:00, 99-Jan-08 06:51:00, 09h25m54.939s, +20d10'03.98"
PG09_N, AC0521-public, 1408.265, 0, 570, 1.846, 12.5, 30.0, VLA:C:1:27, 64, 3.100, RR LL, 99-Jan-08 06:42:00, 99-Jan-08 06:51:00, 09h25m54.939s, +20d10'03.98"
PG09_E, AC0521-public, 1405.662, 0, 570, 1.846, 12.5, 30.0, VLA:C:1:27, 64, 3.100, RR LL, 99-Jan-08 06:51:59, 99-Jan-08 07:00:59, 09h27m02.763s, +19d54'00.88"
PG09_E, AC0521-public, 1408.266, 0, 570, 1.846, 12.5, 30.0, VLA:C:1:27, 64, 3.100, RR LL, 99-Jan-08 06:51:59, 99-Jan-08 07:00:59, 09h27m02.763s, +19d54'00.88"
PG09_S, AC0521-public, 1405.662, 0, 570, 1.846, 12.5, 30.0, VLA:C:1:27, 64, 3.100, RR LL, 99-Jan-08 07:02:00, 99-Jan-08 07:11:00, 09h25m54.497s, +19d38'03.99"
PG09_S, AC0521-public, 1408.265, 0, 570, 1.846, 12.5, 30.0, VLA:C:1:27, 64, 3.100, RR LL, 99-Jan-08 07:02:00, 99-Jan-08 07:11:00, 09h25m54.497s, +19d38'03.99"
PG09_W, AC0521-public, 1405.661, 0, 570, 1.846, 12.5, 30.0, VLA:C:1:27, 64, 3.100, RR LL, 99-Jan-08 07:12:00, 99-Jan-08 07:21:00, 09h24m46.771s, +19d54'07.11"
PG09_W, AC0521-public, 1408.264, 0, 570, 1.846, 12.5, 30.0, VLA:C:1:27, 64, 3.100, RR LL, 99-Jan-08 07:12:00, 99-Jan-08 07:21:00, 09h24m46.771s, +19d54'07.11"
0851+202, AC0521-public, 1405.646, 0, 330, 2.426, 12.5, 30.0, VLA:C:1:27, 64, 3.100, RR LL, 99-Jan-08 07:21:59, 99-Jan-08 07:27:00, 08h54m48.876s, +20d06'30.70"
0851+202, AC0521-public, 1408.249, 0, 330, 2.426, 12.5, 30.0, VLA:C:1:27, 64, 3.100, RR LL, 99-Jan-08 07:21:59, 99-Jan-08 07:27:00, 08h54m48.876s, +20d06'30.70"
PG09_C, AC0521-public, 1405.662, 0, 600, 1.799, 12.5, 30.0, VLA:C:1:27, 64, 3.100, RR LL, 99-Jan-08 07:27:59, 99-Jan-08 07:37:29, 09h25m54.770s, +19d54'04.03"
PG09_C, AC0521-public, 1408.265, 0, 600, 1.799, 12.5, 30.0, VLA:C:1:27, 64, 3.100, RR LL, 99-Jan-08 07:27:59, 99-Jan-08 07:37:29, 09h25m54.770s, +19d54'04.03"
PG09_N, AC0521-public, 1405.661, 0, 570, 1.846, 12.5, 30.0, VLA:C:1:27, 64, 3.100, RR LL, 99-Jan-08 07:38:30, 99-Jan-08 07:47:30, 09h25m54.939s, +20d10'03.98"
PG09_N, AC0521-public, 1408.265, 0, 570, 1.846, 12.5, 30.0, VLA:C:1:27, 64, 3.100, RR LL, 99-Jan-08 07:38:30, 99-Jan-08 07:47:30, 09h25m54.939s, +20d10'03.98"
PG09_E, AC0521-public, 1405.662, 0, 570, 1.846, 12.5, 30.0, VLA:C:1:27, 64, 3.100, RR LL, 99-Jan-08 07:48:29, 99-Jan-08 07:57:29, 09h27m02.763s, +19d54'00.88"
PG09_E, AC0521-public, 1408.265, 0, 570, 1.846, 12.5, 30.0, VLA:C:1:27, 64, 3.100, RR LL, 99-Jan-08 07:48:29, 99-Jan-08 07:57:29, 09h27m02.763s, +19d54'00.88"
PG09_S, AC0521-public, 1405.662, 0, 570, 1.846, 12.5, 30.0, VLA:C:1:27, 64, 3.100, RR LL, 99-Jan-08 07:58:30, 99-Jan-08 08:07:30, 09h25m54.497s, +19d38'03.99"
PG09_S, AC0521-public, 1408.265, 0, 570, 1.846, 12.5, 30.0, VLA:C:1:27, 64, 3.100, RR LL, 99-Jan-08 07:58:30, 99-Jan-08 08:07:30, 09h25m54.497s, +19d38'03.99"
PG09_W, AC0521-public, 1405.661, 0, 570, 1.846, 12.5, 30.0, VLA:C:1:27, 64, 3.100, RR LL, 99-Jan-08 08:08:29, 99-Jan-08 08:17:29, 09h24m46.771s, +19d54'07.11"
PG09_W, AC0521-public, 1408.264, 0, 570, 1.846, 12.5, 30.0, VLA:C:1:27, 64, 3.100, RR LL, 99-Jan-08 08:08:29, 99-Jan-08 08:17:29, 09h24m46.771s, +19d54'07.11"
0851+202, AC0521-public, 1405.646, 0, 330, 2.426, 12.5, 30.0, VLA:C:1:27, 64, 3.100, RR LL, 99-Jan-08 08:18:30, 99-Jan-08 08:23:30, 08h54m48.876s, +20d06'30.70"
0851+202, AC0521-public, 1408.249, 0, 330, 2.426, 12.5, 30.0, VLA:C:1:27, 64, 3.100, RR LL, 99-Jan-08 08:18:30, 99-Jan-08 08:23:30, 08h54m48.876s, +20d06'30.70"
PG09_C, AC0521-public, 1408.264, 0, 570, 1.846, 12.5, 30.0, VLA:C:1:27, 64, 3.100, RR LL, 99-Jan-08 08:24:29, 99-Jan-08 08:33:29, 09h25m54.770s, +19d54'04.03"
PG09_E, AC0521-public, 1405.661, 0, 570, 1.846, 12.5, 30.0, VLA:C:1:27, 64, 3.100, RR LL, 99-Jan-08 10:36:59, 99-Jan-08 10:45:59, 09h27m02.763s, +19d54'00.88"
PG09_E, AC0521-public, 1408.264, 0, 570, 1.846, 12.5, 30.0, VLA:C:1:27, 64, 3.100, RR LL, 99-Jan-08 10:36:59, 99-Jan-08 10:45:59, 09h27m02.763s, +19d54'00.88"
PG09_S, AC0521-public, 1405.660, 0, 570, 1.846, 12.5, 30.0, VLA:C:1:27, 64, 3.100, RR LL, 99-Jan-08 10:47:00, 99-Jan-08 10:56:00, 09h25m54.497s, +19d38'03.99"
PG09_S, AC0521-public, 1408.263, 0, 570, 1.846, 12.5, 30.0, VLA:C:1:27, 64, 3.100, RR LL, 99-Jan-08 10:47:00, 99-Jan-08 10:56:00, 09h25m54.497s, +19d38'03.99"
PG09_W, AC0521-public, 1408.262, 0, 570, 1.846, 12.5, 30.0, VLA:C:1:27, 64, 3.100, RR LL, 99-Jan-08 10:57:00, 99-Jan-08 11:06:00, 09h24m46.771s, +19d54'07.11"
PG09_W, AC0521-public, 1405.659, 0, 570, 1.846, 12.5, 30.0, VLA:C:1:27, 64, 3.100, RR LL, 99-Jan-08 10:57:00, 99-Jan-08 11:06:00, 09h24m46.771s, +19d54'07.11"
0851+202, AC0521-public, 1405.644, 0, 330, 2.426, 12.5, 30.0, VLA:C:1:27, 64, 3.100, RR LL, 99-Jan-08 11:06:59, 99-Jan-08 11:12:00, 08h54m48.876s, +20d06'30.70"
0851+202, AC0521-public, 1408.247, 0, 330, 2.426, 12.5, 30.0, VLA:C:1:27, 64, 3.100, RR LL, 99-Jan-08 11:06:59, 99-Jan-08 11:12:00, 08h54m48.876s, +20d06'30.70"
PG09_C, AC0521-public, 1405.660, 0, 570, 1.846, 12.5, 30.0, VLA:C:1:27, 64, 3.100, RR LL, 99-Jan-08 11:12:59, 99-Jan-08 11:21:59, 09h25m54.770s, +19d54'04.03"
PG09_C, AC0521-public, 1408.263, 0, 570, 1.846, 12.5, 30.0, VLA:C:1:27, 64, 3.100, RR LL, 99-Jan-08 11:12:59, 99-Jan-08 11:21:59, 09h25m54.770s, +19d54'04.03"
PG09_N, AC0521-public, 1405.659, 0, 570, 1.846, 12.5, 30.0, VLA:C:1:27, 64, 3.100, RR LL, 99-Jan-08 11:23:00, 99-Jan-08 11:32:00, 09h25m54.939s, +20d10'03.98"
PG09_N, AC0521-public, 1408.263, 0, 570, 1.846, 12.5, 30.0, VLA:C:1:27, 64, 3.100, RR LL, 99-Jan-08 11:23:00, 99-Jan-08 11:32:00, 09h25m54.939s, +20d10'03.98"
PG09_E, AC0521-public, 1405.660, 0, 570, 1.846, 12.5, 30.0, VLA:C:1:27, 64, 3.100, RR LL, 99-Jan-08 11:32:59, 99-Jan-08 11:42:00, 09h27m02.763s, +19d54'00.88"
PG09_E, AC0521-public, 1408.263, 0, 570, 1.846, 12.5, 30.0, VLA:C:1:27, 64, 3.100, RR LL, 99-Jan-08 11:32:59, 99-Jan-08 11:42:00, 09h27m02.763s, +19d54'00.88"
PG09_S, AC0521-public, 1405.660, 0, 570, 1.846, 12.5, 30.0, VLA:C:1:27, 64, 3.100, RR LL, 99-Jan-08 11:42:59, 99-Jan-08 11:51:59, 09h25m54.497s, +19d38'03.99"
PG09_S, AC0521-public, 1408.263, 0, 570, 1.846, 12.5, 30.0, VLA:C:1:27, 64, 3.100, RR LL, 99-Jan-08 11:42:59, 99-Jan-08 11:51:59, 09h25m54.497s, +19d38'03.99"
PG09_W, AC0521-public, 1405.659, 0, 570, 1.846, 12.5, 30.0, VLA:C:1:27, 64, 3.100, RR LL, 99-Jan-08 11:53:00, 99-Jan-08 12:02:00, 09h24m46.771s, +19d54'07.11"
PG09_W, AC0521-public, 1408.262, 0, 570, 1.846, 12.5, 30.0, VLA:C:1:27, 64, 3.100, RR LL, 99-Jan-08 11:53:00, 99-Jan-08 12:02:00, 09h24m46.771s, +19d54'07.11"
0851+202, AC0521-public, 1405.644, 0, 330, 2.426, 12.5, 30.0, VLA:C:1:27, 64, 3.100, RR LL, 99-Jan-08 12:02:59, 99-Jan-08 12:08:00, 08h54m48.876s, +20d06'30.70"
0851+202, AC0521-public, 1408.247, 0, 330, 2.426, 12.5, 30.0, VLA:C:1:27, 64, 3.100, RR LL, 99-Jan-08 12:02:59, 99-Jan-08 12:08:00, 08h54m48.876s, +20d06'30.70"
PG09_C, AC0521-public, 1405.659, 0, 600, 1.799, 12.5, 30.0, VLA:C:1:27, 64, 3.100, RR LL, 99-Jan-08 12:08:59, 99-Jan-08 12:18:29, 09h25m54.770s, +19d54'04.03"
PG09_C, AC0521-public, 1408.262, 0, 600, 1.799, 12.5, 30.0, VLA:C:1:27, 64, 3.100, RR LL, 99-Jan-08 12:08:59, 99-Jan-08 12:18:29, 09h25m54.770s, +19d54'04.03"
PG09_N, AC0521-public, 1405.659, 0, 180, 3.285, 12.5, 30.0, VLA:C:1:27, 64, 3.100, RR LL, 99-Jan-08 12:19:30, 99-Jan-08 12:22:30, 09h25m54.939s, +20d10'03.98"
PG09_N, AC0521-public, 1408.262, 0, 180, 3.285, 12.5, 30.0, VLA:C:1:27, 64, 3.100, RR LL, 99-Jan-08 12:19:30, 99-Jan-08 12:22:30, 09h25m54.939s, +20d10'03.98"
PG09_N, AC0521-public, 1405.659, 0, 360, 2.323, 12.5, 30.0, VLA:C:1:27, 64, 3.100, RR LL, 99-Jan-08 12:22:59, 99-Jan-08 12:28:30, 09h25m54.939s, +20d10'03.98"
PG09_N, AC0521-public, 1408.262, 0, 360, 2.323, 12.5, 30.0, VLA:C:1:27, 64, 3.100, RR LL, 99-Jan-08 12:22:59, 99-Jan-08 12:28:30, 09h25m54.939s, +20d10'03.98"
PG09_E, AC0521-public, 1405.660, 0, 570, 1.846, 12.5, 30.0, VLA:C:1:27, 64, 3.100, RR LL, 99-Jan-08 12:29:29, 99-Jan-08 12:38:29, 09h27m02.763s, +19d54'00.88"
PG09_E, AC0521-public, 1408.263, 0, 570, 1.846, 12.5, 30.0, VLA:C:1:27, 64, 3.100, RR LL, 99-Jan-08 12:29:29, 99-Jan-08 12:38:29, 09h27m02.763s, +19d54'00.88"
PG09_S, AC0521-public, 1405.659, 0, 540, 1.897, 12.5, 30.0, VLA:C:1:27, 64, 3.100, RR LL, 99-Jan-08 12:39:30, 99-Jan-08 12:47:59, 09h25m54.497s, +19d38'03.99"
PG09_S, AC0521-public, 1408.262, 0, 540, 1.897, 12.5, 30.0, VLA:C:1:27, 64, 3.100, RR LL, 99-Jan-08 12:39:30, 99-Jan-08 12:47:59, 09h25m54.497s, +19d38'03.99"
PG09_W, AC0521-public, 1405.659, 0, 570, 1.846, 12.5, 30.0, VLA:C:1:27, 64, 3.100, RR LL, 99-Jan-08 12:49:00, 99-Jan-08 12:58:00, 09h24m46.771s, +19d54'07.11"
PG09_W, AC0521-public, 1408.262, 0, 570, 1.846, 12.5, 30.0, VLA:C:1:27, 64, 3.100, RR LL, 99-Jan-08 12:49:00, 99-Jan-08 12:58:00, 09h24m46.771s, +19d54'07.11"
0851+202, AC0521-public, 1405.643, 0, 330, 2.426, 12.5, 30.0, VLA:C:1:27, 64, 3.100, RR LL, 99-Jan-08 12:58:59, 99-Jan-08 13:03:59, 08h54m48.876s, +20d06'30.70"
0851+202, AC0521-public, 1408.246, 0, 330, 2.426, 12.5, 30.0, VLA:C:1:27, 64, 3.100, RR LL, 99-Jan-08 12:58:59, 99-Jan-08 13:03:59, 08h54m48.876s, +20d06'30.70"
PG09_C, AC0521-public, 1405.659, 0, 330, 2.426, 12.5, 30.0, VLA:C:1:27, 64, 3.100, RR LL, 99-Jan-08 13:05:00, 99-Jan-08 13:09:59, 09h25m54.770s, +19d54'04.03"
PG09_C, AC0521-public, 1408.262, 0, 330, 2.426, 12.5, 30.0, VLA:C:1:27, 64, 3.100, RR LL, 99-Jan-08 13:05:00, 99-Jan-08 13:09:59, 09h25m54.770s, +19d54'04.03"
PG09_N, AC0521-public, 1405.659, 0, 330, 2.426, 12.5, 30.0, VLA:C:1:27, 64, 3.100, RR LL, 99-Jan-08 13:11:00, 99-Jan-08 13:16:00, 09h25m54.939s, +20d10'03.98"
PG09_N, AC0521-public, 1408.262, 0, 330, 2.426, 12.5, 30.0, VLA:C:1:27, 64, 3.100, RR LL, 99-Jan-08 13:11:00, 99-Jan-08 13:16:00, 09h25m54.939s, +20d10'03.98"
PG09_E, AC0521-public, 1405.659, 0, 330, 2.426, 12.5, 30.0, VLA:C:1:27, 64, 3.100, RR LL, 99-Jan-08 13:16:59, 99-Jan-08 13:21:59, 09h27m02.763s, +19d54'00.88"
PG09_E, AC0521-public, 1408.263, 0, 330, 2.426, 12.5, 30.0, VLA:C:1:27, 64, 3.100, RR LL, 99-Jan-08 13:16:59, 99-Jan-08 13:21:59, 09h27m02.763s, +19d54'00.88"
PG09_S, AC0521-public, 1408.262, 0, 330, 2.426, 12.5, 30.0, VLA:C:1:27, 64, 3.100, RR LL, 99-Jan-08 13:23:00, 99-Jan-08 13:27:59, 09h25m54.497s, +19d38'03.99"
PG09_S, AC0521-public, 1405.659, 0, 330, 2.426, 12.5, 30.0, VLA:C:1:27, 64, 3.100, RR LL, 99-Jan-08 13:23:00, 99-Jan-08 13:27:59, 09h25m54.497s, +19d38'03.99"
PG09_W, AC0521-public, 1405.658, 0, 330, 2.426, 12.5, 30.0, VLA:C:1:27, 64, 3.100, RR LL, 99-Jan-08 13:29:00, 99-Jan-08 13:34:00, 09h24m46.771s, +19d54'07.11"
PG09_W, AC0521-public, 1408.261, 0, 330, 2.426, 12.5, 30.0, VLA:C:1:27, 64, 3.100, RR LL, 99-Jan-08 13:29:00, 99-Jan-08 13:34:00, 09h24m46.771s, +19d54'07.11"
0851+202, AC0521-public, 1405.643, 0, 330, 2.426, 12.5, 30.0, VLA:C:1:27, 64, 3.100, RR LL, 99-Jan-08 13:34:59, 99-Jan-08 13:39:59, 08h54m48.876s, +20d06'30.70"
0851+202, AC0521-public, 1408.246, 0, 330, 2.426, 12.5, 30.0, VLA:C:1:27, 64, 3.100, RR LL, 99-Jan-08 13:34:59, 99-Jan-08 13:39:59, 08h54m48.876s, +20d06'30.70"
1328+307, AC0521-public, 1405.702, 0, 1020, 1.38, 12.5, 30.0, VLA:C:1:27, 64, 3.100, RR LL, 99-Jan-08 13:43:30, 99-Jan-08 14:00:30, 13h31m08.293s, +30d30'33.04"
1328+307, AC0521-public, 1408.305, 0, 1020, 1.38, 12.5, 30.0, VLA:C:1:27, 64, 3.100, RR LL, 99-Jan-08 13:43:30, 99-Jan-08 14:00:30, 13h31m08.293s, +30d30'33.04"
1328+307, AY0099-public, 8435.100, 0, 420, ?, 2.3, 5.4, VLA:C:1, 1, 50.000, RR LL RL LR, 99-Jan-08 14:01:20, 99-Jan-08 14:08:10, 13h31m08.293s, +30d30'33.04"
1328+307, AY0099-public, 8485.100, 0, 420, ?, 2.3, 5.4, VLA:C:1, 1, 50.000, RR LL RL LR, 99-Jan-08 14:01:20, 99-Jan-08 14:08:10, 13h31m08.293s, +30d30'33.04"
1328+307, AY0099-public, 8435.100, 0, 390, ?, 2.3, 5.4, VLA:C:2, 1, 50.000, RR LL RL LR, 99-Jan-08 14:01:49, 99-Jan-08 14:08:10, 13h31m08.293s, +30d30'33.04"
1328+307, AY0099-public, 8485.100, 0, 390, ?, 2.3, 5.4, VLA:C:2, 1, 50.000, RR LL RL LR, 99-Jan-08 14:01:49, 99-Jan-08 14:08:10, 13h31m08.293s, +30d30'33.04"
1328+307, AY0099-public, 22435.100, 0, 320, ?, 0.9, 2.5, VLA:C:2, 1, 50.000, RR LL RL LR, 99-Jan-08 14:08:29, 99-Jan-08 14:13:39, 13h31m08.293s, +30d30'33.04"
1328+307, AY0099-public, 43314.900, 0, 320, ?, 0.47, 1.0, VLA:C:1, 1, 50.000, RR LL RL LR, 99-Jan-08 14:08:29, 99-Jan-08 14:13:39, 13h31m08.293s, +30d30'33.04"
1328+307, AY0099-public, 43364.900, 0, 320, ?, 0.47, 1.0, VLA:C:1, 1, 50.000, RR LL RL LR, 99-Jan-08 14:08:29, 99-Jan-08 14:13:39, 13h31m08.293s, +30d30'33.04"
1328+307, AY0099-public, 22485.100, 0, 320, ?, 0.9, 2.5, VLA:C:2, 1, 50.000, RR LL RL LR, 99-Jan-08 14:08:29, 99-Jan-08 14:13:39, 13h31m08.293s, +30d30'33.04"
TIPPING, AY0099-public, 22435.100, 0, 10, ?, 0.9, 2.5, VLA:C:2, 1, 50.000, RR LL RL LR, 99-Jan-08 14:22:39, 99-Jan-08 14:22:39, 13h02m33.811s, -00d16'06.41"
TIPPING, AY0099-public, 43364.900, 0, 10, ?, 0.47, 1.0, VLA:C:1, 1, 50.000, RR LL RL LR, 99-Jan-08 14:22:39, 99-Jan-08 14:22:39, 13h02m33.811s, -00d16'06.41"
TIPPING, AY0099-public, 43314.900, 0, 10, ?, 0.47, 1.0, VLA:C:1, 1, 50.000, RR LL RL LR, 99-Jan-08 14:22:39, 99-Jan-08 14:22:39, 13h02m33.811s, -00d16'06.41"
TIPPING, AY0099-public, 22485.100, 0, 10, ?, 0.9, 2.5, VLA:C:2, 1, 50.000, RR LL RL LR, 99-Jan-08 14:22:39, 99-Jan-08 14:22:39, 13h02m33.811s, -00d16'06.41"
1730-130, AY0099-public, 8435.100, 0, 690, ?, 2.3, 5.4, VLA:C:1, 1, 50.000, RR LL RL LR, 99-Jan-08 14:24:29, 99-Jan-08 17:25:40, 17h33m02.707s, -13d04'49.54"
1730-130, AY0099-public, 8435.100, 0, 680, ?, 2.3, 5.4, VLA:C:2, 1, 50.000, RR LL RL LR, 99-Jan-08 14:24:29, 99-Jan-08 17:25:40, 17h33m02.707s, -13d04'49.54"
1730-130, AY0099-public, 8485.100, 0, 690, ?, 2.3, 5.4, VLA:C:1, 1, 50.000, RR LL RL LR, 99-Jan-08 14:24:29, 99-Jan-08 17:25:40, 17h33m02.707s, -13d04'49.54"
1730-130, AY0099-public, 8485.100, 0, 680, ?, 2.3, 5.4, VLA:C:2, 1, 50.000, RR LL RL LR, 99-Jan-08 14:24:29, 99-Jan-08 17:25:40, 17h33m02.707s, -13d04'49.54"
1730-130, AY0099-public, 22435.100, 0, 760, ?, 0.9, 2.5, VLA:C:2, 1, 50.000, RR LL RL LR, 99-Jan-08 14:30:20, 99-Jan-08 17:28:30, 17h33m02.707s, -13d04'49.54"
1730-130, AY0099-public, 43364.900, 0, 770, ?, 0.47, 1.0, VLA:C:1, 1, 50.000, RR LL RL LR, 99-Jan-08 14:30:20, 99-Jan-08 17:28:30, 17h33m02.707s, -13d04'49.54"
1730-130, AY0099-public, 22485.100, 0, 760, ?, 0.9, 2.5, VLA:C:2, 1, 50.000, RR LL RL LR, 99-Jan-08 14:30:20, 99-Jan-08 17:28:30, 17h33m02.707s, -13d04'49.54"
1730-130, AY0099-public, 43314.900, 0, 770, ?, 0.47, 1.0, VLA:C:1, 1, 50.000, RR LL RL LR, 99-Jan-08 14:30:20, 99-Jan-08 17:28:30, 17h33m02.707s, -13d04'49.54"
17425-29039, AY0099-public, 22435.100, 0, 1121.7, ?, 0.9, 2.5, VLA:C:2, 1, 50.000, RR LL RL LR, 99-Jan-08 14:33:49, 99-Jan-08 17:37:00, 17h45m40.490s, -29d05'03.25"
17425-29039, AY0099-public, 22485.100, 0, 1121.7, ?, 0.9, 2.5, VLA:C:2, 1, 50.000, RR LL RL LR, 99-Jan-08 14:33:49, 99-Jan-08 17:37:00, 17h45m40.490s, -29d05'03.25"
17425-29039, AY0099-public, 43364.900, 0, 1133.3, ?, 0.47, 1.0, VLA:C:1, 1, 50.000, RR LL RL LR, 99-Jan-08 14:33:49, 99-Jan-08 17:37:01, 17h45m40.490s, -29d05'03.25"
17425-29039, AY0099-public, 43314.900, 0, 1133.3, ?, 0.47, 1.0, VLA:C:1, 1, 50.000, RR LL RL LR, 99-Jan-08 14:33:49, 99-Jan-08 17:37:01, 17h45m40.490s, -29d05'03.25"
17425-28593, AY0099-public, 43314.900, 0, 1690, ?, 0.47, 1.0, VLA:C:1, 1, 50.000, RR LL RL LR, 99-Jan-08 14:36:31, 99-Jan-08 17:35:49, 17h45m40.045s, -29d00'27.88"
17425-28593, AY0099-public, 43364.900, 0, 1690, ?, 0.47, 1.0, VLA:C:1, 1, 50.000, RR LL RL LR, 99-Jan-08 14:36:31, 99-Jan-08 17:35:49, 17h45m40.045s, -29d00'27.88"
17425-28593, AY0099-public, 22435.100, 0, 1690, ?, 0.9, 2.5, VLA:C:2, 1, 50.000, RR LL RL LR, 99-Jan-08 14:36:31, 99-Jan-08 17:35:59, 17h45m40.045s, -29d00'27.88"
17425-28593, AY0099-public, 22485.100, 0, 1690, ?, 0.9, 2.5, VLA:C:2, 1, 50.000, RR LL RL LR, 99-Jan-08 14:36:31, 99-Jan-08 17:35:59, 17h45m40.045s, -29d00'27.88"
17426-28577, AY0099-public, 22435.100, 0, 741.7, ?, 0.9, 2.5, VLA:C:2, 1, 50.000, RR LL RL LR, 99-Jan-08 14:49:19, 99-Jan-08 15:04:20, 17h45m49.448s, -28d58'49.25"
17426-28577, AY0099-public, 43364.900, 0, 741.7, ?, 0.47, 1.0, VLA:C:1, 1, 50.000, RR LL RL LR, 99-Jan-08 14:49:19, 99-Jan-08 15:04:20, 17h45m49.448s, -28d58'49.25"
17426-28577, AY0099-public, 43314.900, 0, 741.7, ?, 0.47, 1.0, VLA:C:1, 1, 50.000, RR LL RL LR, 99-Jan-08 14:49:19, 99-Jan-08 15:04:20, 17h45m49.448s, -28d58'49.25"
17426-28577, AY0099-public, 22485.100, 0, 741.7, ?, 0.9, 2.5, VLA:C:2, 1, 50.000, RR LL RL LR, 99-Jan-08 14:49:19, 99-Jan-08 15:04:20, 17h45m49.448s, -28d58'49.25"
17439-28437, AY0099-public, 22435.100, 0, 741.7, ?, 0.9, 2.5, VLA:C:2, 1, 50.000, RR LL RL LR, 99-Jan-08 15:04:39, 99-Jan-08 15:19:40, 17h47m06.969s, -28d44'42.35"
17439-28437, AY0099-public, 22485.100, 0, 741.7, ?, 0.9, 2.5, VLA:C:2, 1, 50.000, RR LL RL LR, 99-Jan-08 15:04:39, 99-Jan-08 15:19:40, 17h47m06.969s, -28d44'42.35"
17439-28437, AY0099-public, 43364.900, 0, 741.7, ?, 0.47, 1.0, VLA:C:1, 1, 50.000, RR LL RL LR, 99-Jan-08 15:04:39, 99-Jan-08 15:19:40, 17h47m06.969s, -28d44'42.35"
17439-28437, AY0099-public, 43314.900, 0, 741.7, ?, 0.47, 1.0, VLA:C:1, 1, 50.000, RR LL RL LR, 99-Jan-08 15:04:39, 99-Jan-08 15:19:40, 17h47m06.969s, -28d44'42.35"
17413-29196, AY0099-public, 22435.100, 0, 761.7, ?, 0.9, 2.5, VLA:C:2, 1, 50.000, RR LL RL LR, 99-Jan-08 15:23:29, 99-Jan-08 15:38:49, 17h44m27.788s, -29d20'50.04"
17413-29196, AY0099-public, 22485.100, 0, 761.7, ?, 0.9, 2.5, VLA:C:2, 1, 50.000, RR LL RL LR, 99-Jan-08 15:23:29, 99-Jan-08 15:38:49, 17h44m27.788s, -29d20'50.04"
17413-29196, AY0099-public, 43314.900, 0, 761.7, ?, 0.47, 1.0, VLA:C:1, 1, 50.000, RR LL RL LR, 99-Jan-08 15:23:29, 99-Jan-08 15:38:49, 17h44m27.788s, -29d20'50.04"
17413-29196, AY0099-public, 43364.900, 0, 761.7, ?, 0.47, 1.0, VLA:C:1, 1, 50.000, RR LL RL LR, 99-Jan-08 15:23:29, 99-Jan-08 15:38:49, 17h44m27.788s, -29d20'50.04"
17414-29034, AY0099-public, 22435.100, 0, 741.7, ?, 0.9, 2.5, VLA:C:2, 1, 50.000, RR LL RL LR, 99-Jan-08 15:39:19, 99-Jan-08 15:54:19, 17h44m34.960s, -29d04'35.74"
17414-29034, AY0099-public, 43364.900, 0, 741.7, ?, 0.47, 1.0, VLA:C:1, 1, 50.000, RR LL RL LR, 99-Jan-08 15:39:19, 99-Jan-08 15:54:19, 17h44m34.960s, -29d04'35.74"
17414-29034, AY0099-public, 43314.900, 0, 741.7, ?, 0.47, 1.0, VLA:C:1, 1, 50.000, RR LL RL LR, 99-Jan-08 15:39:19, 99-Jan-08 15:54:19, 17h44m34.960s, -29d04'35.74"
17414-29034, AY0099-public, 22485.100, 0, 741.7, ?, 0.9, 2.5, VLA:C:2, 1, 50.000, RR LL RL LR, 99-Jan-08 15:39:19, 99-Jan-08 15:54:19, 17h44m34.960s, -29d04'35.74"
17427-28483, AY0099-public, 22435.100, 0, 761.7, ?, 0.9, 2.5, VLA:C:2, 1, 50.000, RR LL RL LR, 99-Jan-08 16:01:29, 99-Jan-08 16:16:49, 17h45m50.455s, -28d49'28.81"
17427-28483, AY0099-public, 22485.100, 0, 761.7, ?, 0.9, 2.5, VLA:C:2, 1, 50.000, RR LL RL LR, 99-Jan-08 16:01:29, 99-Jan-08 16:16:49, 17h45m50.455s, -28d49'28.81"
17427-28483, AY0099-public, 43364.900, 0, 761.7, ?, 0.47, 1.0, VLA:C:1, 1, 50.000, RR LL RL LR, 99-Jan-08 16:01:29, 99-Jan-08 16:16:49, 17h45m50.455s, -28d49'28.81"
17427-28483, AY0099-public, 43314.900, 0, 761.7, ?, 0.47, 1.0, VLA:C:1, 1, 50.000, RR LL RL LR, 99-Jan-08 16:01:29, 99-Jan-08 16:16:49, 17h45m50.455s, -28d49'28.81"
17431-28490, AY0099-public, 22435.100, 0, 731.7, ?, 0.9, 2.5, VLA:C:2, 1, 50.000, RR LL RL LR, 99-Jan-08 16:17:09, 99-Jan-08 16:32:00, 17h46m15.476s, -28d50'07.00"
17431-28490, AY0099-public, 43364.900, 0, 731.7, ?, 0.47, 1.0, VLA:C:1, 1, 50.000, RR LL RL LR, 99-Jan-08 16:17:09, 99-Jan-08 16:32:00, 17h46m15.476s, -28d50'07.00"
17431-28490, AY0099-public, 43314.900, 0, 731.7, ?, 0.47, 1.0, VLA:C:1, 1, 50.000, RR LL RL LR, 99-Jan-08 16:17:09, 99-Jan-08 16:32:00, 17h46m15.476s, -28d50'07.00"
17431-28490, AY0099-public, 22485.100, 0, 731.7, ?, 0.9, 2.5, VLA:C:2, 1, 50.000, RR LL RL LR, 99-Jan-08 16:17:09, 99-Jan-08 16:32:00, 17h46m15.476s, -28d50'07.00"
17431-28482, AY0099-public, 22435.100, 0, 741.7, ?, 0.9, 2.5, VLA:C:2, 1, 50.000, RR LL RL LR, 99-Jan-08 16:32:19, 99-Jan-08 16:47:20, 17h46m14.054s, -28d49'16.80"
17431-28482, AY0099-public, 43314.900, 0, 741.7, ?, 0.47, 1.0, VLA:C:1, 1, 50.000, RR LL RL LR, 99-Jan-08 16:32:19, 99-Jan-08 16:47:20, 17h46m14.054s, -28d49'16.80"
17431-28482, AY0099-public, 22485.100, 0, 741.7, ?, 0.9, 2.5, VLA:C:2, 1, 50.000, RR LL RL LR, 99-Jan-08 16:32:19, 99-Jan-08 16:47:20, 17h46m14.054s, -28d49'16.80"
17431-28482, AY0099-public, 43364.900, 0, 741.7, ?, 0.47, 1.0, VLA:C:1, 1, 50.000, RR LL RL LR, 99-Jan-08 16:32:19, 99-Jan-08 16:47:20, 17h46m14.054s, -28d49'16.80"
17424-29239, AY0099-public, 22435.100, 0, 751.7, ?, 0.9, 2.5, VLA:C:2, 1, 50.000, RR LL RL LR, 99-Jan-08 16:51:30, 99-Jan-08 17:06:39, 17h45m33.511s, -29d25'06.79"
17424-29239, AY0099-public, 22485.100, 0, 751.7, ?, 0.9, 2.5, VLA:C:2, 1, 50.000, RR LL RL LR, 99-Jan-08 16:51:30, 99-Jan-08 17:06:39, 17h45m33.511s, -29d25'06.79"
17424-29239, AY0099-public, 43314.900, 0, 751.7, ?, 0.47, 1.0, VLA:C:1, 1, 50.000, RR LL RL LR, 99-Jan-08 16:51:30, 99-Jan-08 17:06:39, 17h45m33.511s, -29d25'06.79"
17424-29239, AY0099-public, 43364.900, 0, 751.7, ?, 0.47, 1.0, VLA:C:1, 1, 50.000, RR LL RL LR, 99-Jan-08 16:51:30, 99-Jan-08 17:06:39, 17h45m33.511s, -29d25'06.79"
17434-28400, AY0099-public, 22435.100, 0, 741.7, ?, 0.9, 2.5, VLA:C:2, 1, 50.000, RR LL RL LR, 99-Jan-08 17:06:59, 99-Jan-08 17:21:59, 17h46m32.153s, -28d41'04.09"
17434-28400, AY0099-public, 43364.900, 0, 741.7, ?, 0.47, 1.0, VLA:C:1, 1, 50.000, RR LL RL LR, 99-Jan-08 17:06:59, 99-Jan-08 17:21:59, 17h46m32.153s, -28d41'04.09"
17434-28400, AY0099-public, 43314.900, 0, 741.7, ?, 0.47, 1.0, VLA:C:1, 1, 50.000, RR LL RL LR, 99-Jan-08 17:06:59, 99-Jan-08 17:21:59, 17h46m32.153s, -28d41'04.09"
17434-28400, AY0099-public, 22485.100, 0, 741.7, ?, 0.9, 2.5, VLA:C:2, 1, 50.000, RR LL RL LR, 99-Jan-08 17:06:59, 99-Jan-08 17:21:59, 17h46m32.153s, -28d41'04.09"
17425-29039, AY0099-public, 22435.100, 0, 1131.7, ?, 0.9, 2.5, VLA:C:2, 1, 50.000, RR LL RL LR, 99-Jan-08 17:37:01, 99-Jan-08 20:51:29, 17h45m40.490s, -29d05'03.25"
17425-29039, AY0099-public, 22485.100, 0, 1131.7, ?, 0.9, 2.5, VLA:C:2, 1, 50.000, RR LL RL LR, 99-Jan-08 17:37:01, 99-Jan-08 20:51:29, 17h45m40.490s, -29d05'03.25"
17425-29039, AY0099-public, 43314.900, 0, 1130, ?, 0.47, 1.0, VLA:C:1, 1, 50.000, RR LL RL LR, 99-Jan-08 17:37:03, 99-Jan-08 20:51:29, 17h45m40.490s, -29d05'03.25"
17425-29039, AY0099-public, 43364.900, 0, 1130, ?, 0.47, 1.0, VLA:C:1, 1, 50.000, RR LL RL LR, 99-Jan-08 17:37:03, 99-Jan-08 20:51:29, 17h45m40.490s, -29d05'03.25"
17425-28593, AY0099-public, 43314.900, 0, 2000, ?, 0.47, 1.0, VLA:C:1, 1, 50.000, RR LL RL LR, 99-Jan-08 17:38:21, 99-Jan-08 21:20:00, 17h45m40.045s, -29d00'27.88"
17425-28593, AY0099-public, 43364.900, 0, 2000, ?, 0.47, 1.0, VLA:C:1, 1, 50.000, RR LL RL LR, 99-Jan-08 17:38:21, 99-Jan-08 21:20:00, 17h45m40.045s, -29d00'27.88"
17425-28593, AY0099-public, 22435.100, 0, 2000, ?, 0.9, 2.5, VLA:C:2, 1, 50.000, RR LL RL LR, 99-Jan-08 17:38:31, 99-Jan-08 21:20:00, 17h45m40.045s, -29d00'27.88"
17425-28593, AY0099-public, 22485.100, 0, 2000, ?, 0.9, 2.5, VLA:C:2, 1, 50.000, RR LL RL LR, 99-Jan-08 17:38:31, 99-Jan-08 21:20:00, 17h45m40.045s, -29d00'27.88"
17426-28577, AY0099-public, 22435.100, 0, 1483.3, ?, 0.9, 2.5, VLA:C:2, 1, 50.000, RR LL RL LR, 99-Jan-08 17:44:59, 99-Jan-08 21:06:49, 17h45m49.448s, -28d58'49.25"
17426-28577, AY0099-public, 43364.900, 0, 1483.3, ?, 0.47, 1.0, VLA:C:1, 1, 50.000, RR LL RL LR, 99-Jan-08 17:44:59, 99-Jan-08 21:06:49, 17h45m49.448s, -28d58'49.25"
17426-28577, AY0099-public, 22485.100, 0, 1483.3, ?, 0.9, 2.5, VLA:C:2, 1, 50.000, RR LL RL LR, 99-Jan-08 17:44:59, 99-Jan-08 21:06:49, 17h45m49.448s, -28d58'49.25"
17426-28577, AY0099-public, 43314.900, 0, 1483.3, ?, 0.47, 1.0, VLA:C:1, 1, 50.000, RR LL RL LR, 99-Jan-08 17:44:59, 99-Jan-08 21:06:49, 17h45m49.448s, -28d58'49.25"
17439-28437, AY0099-public, 22435.100, 0, 1473.3, ?, 0.9, 2.5, VLA:C:2, 1, 50.000, RR LL RL LR, 99-Jan-08 18:00:19, 99-Jan-08 21:22:10, 17h47m06.969s, -28d44'42.35"
17439-28437, AY0099-public, 22485.100, 0, 1473.3, ?, 0.9, 2.5, VLA:C:2, 1, 50.000, RR LL RL LR, 99-Jan-08 18:00:19, 99-Jan-08 21:22:10, 17h47m06.969s, -28d44'42.35"
17439-28437, AY0099-public, 43314.900, 0, 1473.3, ?, 0.47, 1.0, VLA:C:1, 1, 50.000, RR LL RL LR, 99-Jan-08 18:00:19, 99-Jan-08 21:22:10, 17h47m06.969s, -28d44'42.35"
17439-28437, AY0099-public, 43364.900, 0, 1473.3, ?, 0.47, 1.0, VLA:C:1, 1, 50.000, RR LL RL LR, 99-Jan-08 18:00:19, 99-Jan-08 21:22:10, 17h47m06.969s, -28d44'42.35"
1730-130, AY0099-public, 22435.100, 0, 770, ?, 0.9, 2.5, VLA:C:2, 1, 50.000, RR LL RL LR, 99-Jan-08 18:15:59, 99-Jan-08 21:24:59, 17h33m02.707s, -13d04'49.54"
1730-130, AY0099-public, 22485.100, 0, 770, ?, 0.9, 2.5, VLA:C:2, 1, 50.000, RR LL RL LR, 99-Jan-08 18:15:59, 99-Jan-08 21:24:59, 17h33m02.707s, -13d04'49.54"
1730-130, AY0099-public, 43364.900, 0, 750, ?, 0.47, 1.0, VLA:C:1, 1, 50.000, RR LL RL LR, 99-Jan-08 18:15:59, 99-Jan-08 21:24:59, 17h33m02.707s, -13d04'49.54"
1730-130, AY0099-public, 43314.900, 0, 750, ?, 0.47, 1.0, VLA:C:1, 1, 50.000, RR LL RL LR, 99-Jan-08 18:15:59, 99-Jan-08 21:24:59, 17h33m02.707s, -13d04'49.54"
17413-29196, AY0099-public, 43314.900, 0, 761.7, ?, 0.47, 1.0, VLA:C:1, 1, 50.000, RR LL RL LR, 99-Jan-08 18:19:10, 99-Jan-08 18:34:29, 17h44m27.788s, -29d20'50.04"
17413-29196, AY0099-public, 43364.900, 0, 761.7, ?, 0.47, 1.0, VLA:C:1, 1, 50.000, RR LL RL LR, 99-Jan-08 18:19:10, 99-Jan-08 18:34:29, 17h44m27.788s, -29d20'50.04"
17413-29196, AY0099-public, 22435.100, 0, 751.7, ?, 0.9, 2.5, VLA:C:2, 1, 50.000, RR LL RL LR, 99-Jan-08 18:19:20, 99-Jan-08 18:34:29, 17h44m27.788s, -29d20'50.04"
17413-29196, AY0099-public, 22485.100, 0, 751.7, ?, 0.9, 2.5, VLA:C:2, 1, 50.000, RR LL RL LR, 99-Jan-08 18:19:20, 99-Jan-08 18:34:29, 17h44m27.788s, -29d20'50.04"
17414-29034, AY0099-public, 22435.100, 0, 741.7, ?, 0.9, 2.5, VLA:C:2, 1, 50.000, RR LL RL LR, 99-Jan-08 18:34:49, 99-Jan-08 18:49:49, 17h44m34.960s, -29d04'35.74"
17414-29034, AY0099-public, 43364.900, 0, 741.7, ?, 0.47, 1.0, VLA:C:1, 1, 50.000, RR LL RL LR, 99-Jan-08 18:34:49, 99-Jan-08 18:49:49, 17h44m34.960s, -29d04'35.74"
17414-29034, AY0099-public, 43314.900, 0, 741.7, ?, 0.47, 1.0, VLA:C:1, 1, 50.000, RR LL RL LR, 99-Jan-08 18:34:49, 99-Jan-08 18:49:49, 17h44m34.960s, -29d04'35.74"
17414-29034, AY0099-public, 22485.100, 0, 741.7, ?, 0.9, 2.5, VLA:C:2, 1, 50.000, RR LL RL LR, 99-Jan-08 18:34:49, 99-Jan-08 18:49:49, 17h44m34.960s, -29d04'35.74"
TIPPING, AY0099-public, 43314.900, 0, 700, ?, 0.47, 1.0, VLA:C:1, 1, 50.000, RR LL RL LR, 99-Jan-08 18:56:29, 99-Jan-08 21:59:19, 13h02m33.811s, -00d16'06.41"
TIPPING, AY0099-public, 43364.900, 0, 700, ?, 0.47, 1.0, VLA:C:1, 1, 50.000, RR LL RL LR, 99-Jan-08 18:56:29, 99-Jan-08 21:59:19, 13h02m33.811s, -00d16'06.41"
TIPPING, AY0099-public, 22435.100, 0, 640, ?, 0.9, 2.5, VLA:C:2, 1, 50.000, RR LL RL LR, 99-Jan-08 18:56:59, 99-Jan-08 21:59:29, 13h02m33.811s, -00d16'06.41"
TIPPING, AY0099-public, 22485.100, 0, 640, ?, 0.9, 2.5, VLA:C:2, 1, 50.000, RR LL RL LR, 99-Jan-08 18:56:59, 99-Jan-08 21:59:29, 13h02m33.811s, -00d16'06.41"
1730-130, AY0099-public, 8435.100, 0, 670, ?, 2.3, 5.4, VLA:C:1, 1, 50.000, RR LL RL LR, 99-Jan-08 18:57:40, 99-Jan-08 20:32:50, 17h33m02.707s, -13d04'49.54"
1730-130, AY0099-public, 8485.100, 0, 670, ?, 2.3, 5.4, VLA:C:1, 1, 50.000, RR LL RL LR, 99-Jan-08 18:57:40, 99-Jan-08 20:32:50, 17h33m02.707s, -13d04'49.54"
1730-130, AY0099-public, 8435.100, 0, 610, ?, 2.3, 5.4, VLA:C:2, 1, 50.000, RR LL RL LR, 99-Jan-08 18:58:10, 99-Jan-08 20:32:20, 17h33m02.707s, -13d04'49.54"
1730-130, AY0099-public, 8485.100, 0, 610, ?, 2.3, 5.4, VLA:C:2, 1, 50.000, RR LL RL LR, 99-Jan-08 18:58:10, 99-Jan-08 20:32:20, 17h33m02.707s, -13d04'49.54"
17427-28483, AY0099-public, 22435.100, 0, 751.7, ?, 0.9, 2.5, VLA:C:2, 1, 50.000, RR LL RL LR, 99-Jan-08 19:09:30, 99-Jan-08 19:24:40, 17h45m50.455s, -28d49'28.81"
17427-28483, AY0099-public, 22485.100, 0, 751.7, ?, 0.9, 2.5, VLA:C:2, 1, 50.000, RR LL RL LR, 99-Jan-08 19:09:30, 99-Jan-08 19:24:40, 17h45m50.455s, -28d49'28.81"
17427-28483, AY0099-public, 43314.900, 0, 751.7, ?, 0.47, 1.0, VLA:C:1, 1, 50.000, RR LL RL LR, 99-Jan-08 19:09:30, 99-Jan-08 19:24:40, 17h45m50.455s, -28d49'28.81"
17427-28483, AY0099-public, 43364.900, 0, 751.7, ?, 0.47, 1.0, VLA:C:1, 1, 50.000, RR LL RL LR, 99-Jan-08 19:09:30, 99-Jan-08 19:24:40, 17h45m50.455s, -28d49'28.81"
17431-28490, AY0099-public, 22435.100, 0, 741.7, ?, 0.9, 2.5, VLA:C:2, 1, 50.000, RR LL RL LR, 99-Jan-08 19:25:00, 99-Jan-08 19:39:59, 17h46m15.476s, -28d50'07.00"
17431-28490, AY0099-public, 43364.900, 0, 741.7, ?, 0.47, 1.0, VLA:C:1, 1, 50.000, RR LL RL LR, 99-Jan-08 19:25:00, 99-Jan-08 19:39:59, 17h46m15.476s, -28d50'07.00"
17431-28490, AY0099-public, 43314.900, 0, 741.7, ?, 0.47, 1.0, VLA:C:1, 1, 50.000, RR LL RL LR, 99-Jan-08 19:25:00, 99-Jan-08 19:39:59, 17h46m15.476s, -28d50'07.00"
17431-28490, AY0099-public, 22485.100, 0, 741.7, ?, 0.9, 2.5, VLA:C:2, 1, 50.000, RR LL RL LR, 99-Jan-08 19:25:00, 99-Jan-08 19:39:59, 17h46m15.476s, -28d50'07.00"
17431-28482, AY0099-public, 22435.100, 0, 741.7, ?, 0.9, 2.5, VLA:C:2, 1, 50.000, RR LL RL LR, 99-Jan-08 19:40:20, 99-Jan-08 19:55:19, 17h46m14.054s, -28d49'16.80"
17431-28482, AY0099-public, 43314.900, 0, 741.7, ?, 0.47, 1.0, VLA:C:1, 1, 50.000, RR LL RL LR, 99-Jan-08 19:40:20, 99-Jan-08 19:55:19, 17h46m14.054s, -28d49'16.80"
17431-28482, AY0099-public, 43364.900, 0, 741.7, ?, 0.47, 1.0, VLA:C:1, 1, 50.000, RR LL RL LR, 99-Jan-08 19:40:20, 99-Jan-08 19:55:19, 17h46m14.054s, -28d49'16.80"
17431-28482, AY0099-public, 22485.100, 0, 741.7, ?, 0.9, 2.5, VLA:C:2, 1, 50.000, RR LL RL LR, 99-Jan-08 19:40:20, 99-Jan-08 19:55:19, 17h46m14.054s, -28d49'16.80"
17424-29239, AY0099-public, 22435.100, 0, 760, ?, 0.9, 2.5, VLA:C:2, 1, 50.000, RR LL RL LR, 99-Jan-08 19:58:50, 99-Jan-08 20:14:10, 17h45m33.511s, -29d25'06.79"
17424-29239, AY0099-public, 43314.900, 0, 760, ?, 0.47, 1.0, VLA:C:1, 1, 50.000, RR LL RL LR, 99-Jan-08 19:58:50, 99-Jan-08 20:14:10, 17h45m33.511s, -29d25'06.79"
17424-29239, AY0099-public, 43364.900, 0, 760, ?, 0.47, 1.0, VLA:C:1, 1, 50.000, RR LL RL LR, 99-Jan-08 19:58:50, 99-Jan-08 20:14:10, 17h45m33.511s, -29d25'06.79"
17424-29239, AY0099-public, 22485.100, 0, 760, ?, 0.9, 2.5, VLA:C:2, 1, 50.000, RR LL RL LR, 99-Jan-08 19:58:50, 99-Jan-08 20:14:10, 17h45m33.511s, -29d25'06.79"
17434-28400, AY0099-public, 22435.100, 0, 741.7, ?, 0.9, 2.5, VLA:C:2, 1, 50.000, RR LL RL LR, 99-Jan-08 20:14:30, 99-Jan-08 20:29:29, 17h46m32.153s, -28d41'04.09"
17434-28400, AY0099-public, 22485.100, 0, 741.7, ?, 0.9, 2.5, VLA:C:2, 1, 50.000, RR LL RL LR, 99-Jan-08 20:14:30, 99-Jan-08 20:29:29, 17h46m32.153s, -28d41'04.09"
17434-28400, AY0099-public, 43314.900, 0, 741.7, ?, 0.47, 1.0, VLA:C:1, 1, 50.000, RR LL RL LR, 99-Jan-08 20:14:30, 99-Jan-08 20:29:29, 17h46m32.153s, -28d41'04.09"
17434-28400, AY0099-public, 43364.900, 0, 741.7, ?, 0.47, 1.0, VLA:C:1, 1, 50.000, RR LL RL LR, 99-Jan-08 20:14:30, 99-Jan-08 20:29:29, 17h46m32.153s, -28d41'04.09"
0404+768, AY0099-public, 8435.100, 0, 270, ?, 2.3, 5.4, VLA:C:1, 1, 50.000, RR LL RL LR, 99-Jan-08 21:28:20, 99-Jan-08 21:32:40, 04h10m45.586s, +76d56'45.26"
0404+768, AY0099-public, 8485.100, 0, 270, ?, 2.3, 5.4, VLA:C:2, 1, 50.000, RR LL RL LR, 99-Jan-08 21:28:20, 99-Jan-08 21:32:40, 04h10m45.586s, +76d56'45.26"
0404+768, AY0099-public, 8485.100, 0, 270, ?, 2.3, 5.4, VLA:C:1, 1, 50.000, RR LL RL LR, 99-Jan-08 21:28:20, 99-Jan-08 21:32:40, 04h10m45.586s, +76d56'45.26"
0404+768, AY0099-public, 8435.100, 0, 270, ?, 2.3, 5.4, VLA:C:2, 1, 50.000, RR LL RL LR, 99-Jan-08 21:28:20, 99-Jan-08 21:32:40, 04h10m45.586s, +76d56'45.26"
0404+768, AY0099-public, 22435.100, 0, 260, ?, 0.9, 2.5, VLA:C:2, 1, 50.000, RR LL RL LR, 99-Jan-08 21:33:00, 99-Jan-08 21:37:10, 04h10m45.586s, +76d56'45.26"
0404+768, AY0099-public, 22485.100, 0, 260, ?, 0.9, 2.5, VLA:C:2, 1, 50.000, RR LL RL LR, 99-Jan-08 21:33:00, 99-Jan-08 21:37:10, 04h10m45.586s, +76d56'45.26"
0404+768, AY0099-public, 43364.900, 0, 260, ?, 0.47, 1.0, VLA:C:1, 1, 50.000, RR LL RL LR, 99-Jan-08 21:33:00, 99-Jan-08 21:37:10, 04h10m45.586s, +76d56'45.26"
0404+768, AY0099-public, 43314.900, 0, 260, ?, 0.47, 1.0, VLA:C:1, 1, 50.000, RR LL RL LR, 99-Jan-08 21:33:00, 99-Jan-08 21:37:10, 04h10m45.586s, +76d56'45.26"
IIIZW2, AF0350-public, 1464.900, 0, 470, 0.254, 12.5, 30.0, VLA:C:1:27, 1, 3.100, RR LL RL LR, 99-Jan-08 22:01:19, 99-Jan-08 22:09:00, 00h10m31.015s, +10d58'29.33"
IIIZW2, AF0350-public, 327.500, 0, 470, 0.395, 56.0, 150.0, VLA:C:1:27, 1, 50.000, RR LL RL LR, 99-Jan-08 22:01:19, 99-Jan-08 22:09:00, 00h10m31.015s, +10d58'29.33"
IIIZW2, AF0350-public, 4835.100, 0, 290, 0.719, 3.9, 9.0, VLA:C:1:27, 1, 50.000, RR LL RL LR, 99-Jan-08 22:09:20, 99-Jan-08 22:14:00, 00h10m31.015s, +10d58'29.33"
IIIZW2, AF0350-public, 4885.100, 0, 290, 0.719, 3.9, 9.0, VLA:C:1:27, 1, 50.000, RR LL RL LR, 99-Jan-08 22:09:20, 99-Jan-08 22:14:00, 00h10m31.015s, +10d58'29.33"
IIIZW2, AF0350-public, 8435.100, 0, 370, 0.057, 2.3, 5.4, VLA:C:1:27, 1, 50.000, RR LL RL LR, 99-Jan-08 22:14:19, 99-Jan-08 22:20:30, 00h10m31.015s, +10d58'29.33"
IIIZW2, AF0350-public, 8485.100, 0, 370, 0.057, 2.3, 5.4, VLA:C:1:27, 1, 50.000, RR LL RL LR, 99-Jan-08 22:14:19, 99-Jan-08 22:20:30, 00h10m31.015s, +10d58'29.33"
IIIZW2, AF0350-public, 14914.900, 0, 230, 0.275, 1.2, 3.0, VLA:C:1:27, 1, 50.000, RR LL RL LR, 99-Jan-08 22:20:50, 99-Jan-08 22:24:30, 00h10m31.015s, +10d58'29.33"
IIIZW2, AF0350-public, 14964.900, 0, 230, 0.275, 1.2, 3.0, VLA:C:1:27, 1, 50.000, RR LL RL LR, 99-Jan-08 22:20:50, 99-Jan-08 22:24:30, 00h10m31.015s, +10d58'29.33"
IIIZW2, AF0350-public, 22435.100, 0, 410, 0.375, 0.9, 2.5, VLA:C:1:27, 1, 50.000, RR LL RL LR, 99-Jan-08 22:24:50, 99-Jan-08 22:31:30, 00h10m31.015s, +10d58'29.33"
IIIZW2, AF0350-public, 22485.100, 0, 410, 0.375, 0.9, 2.5, VLA:C:1:27, 1, 50.000, RR LL RL LR, 99-Jan-08 22:24:50, 99-Jan-08 22:31:30, 00h10m31.015s, +10d58'29.33"
IIIZW2, AF0350-public, 43314.900, 0, 410, 0.726, 0.47, 1.0, VLA:C:1:27, 1, 50.000, RR LL RL LR, 99-Jan-08 22:31:50, 99-Jan-08 22:38:30, 00h10m31.015s, +10d58'29.33"
IIIZW2, AF0350-public, 43364.900, 0, 410, 0.726, 0.47, 1.0, VLA:C:1:27, 1, 50.000, RR LL RL LR, 99-Jan-08 22:31:50, 99-Jan-08 22:38:30, 00h10m31.015s, +10d58'29.33"
0134+329, AF0350-public, 1464.900, 0, 200, 0.39, 12.5, 30.0, VLA:C:1:27, 1, 3.100, RR LL RL LR, 99-Jan-08 22:39:49, 99-Jan-08 22:43:00, 01h37m41.301s, +33d09'35.06"
0134+329, AF0350-public, 327.500, 0, 200, 0.606, 56.0, 150.0, VLA:C:1:27, 1, 50.000, RR LL RL LR, 99-Jan-08 22:39:49, 99-Jan-08 22:43:00, 01h37m41.301s, +33d09'35.06"
0134+329, AF0350-public, 4835.100, 0, 130, 1.074, 3.9, 9.0, VLA:C:1:27, 1, 50.000, RR LL RL LR, 99-Jan-08 22:43:20, 99-Jan-08 22:45:20, 01h37m41.301s, +33d09'35.06"
0134+329, AF0350-public, 4885.100, 0, 130, 1.074, 3.9, 9.0, VLA:C:1:27, 1, 50.000, RR LL RL LR, 99-Jan-08 22:43:20, 99-Jan-08 22:45:20, 01h37m41.301s, +33d09'35.06"
0134+329, AF0350-public, 8435.100, 0, 260, 0.068, 2.3, 5.4, VLA:C:1:27, 1, 50.000, RR LL RL LR, 99-Jan-08 22:45:40, 99-Jan-08 22:50:00, 01h37m41.301s, +33d09'35.06"
0134+329, AF0350-public, 8485.100, 0, 260, 0.068, 2.3, 5.4, VLA:C:1:27, 1, 50.000, RR LL RL LR, 99-Jan-08 22:45:40, 99-Jan-08 22:50:00, 01h37m41.301s, +33d09'35.06"
0134+329, AF0350-public, 14914.900, 0, 130, 0.365, 1.2, 3.0, VLA:C:1:27, 1, 50.000, RR LL RL LR, 99-Jan-08 22:50:19, 99-Jan-08 22:52:20, 01h37m41.301s, +33d09'35.06"
0134+329, AF0350-public, 14964.900, 0, 130, 0.365, 1.2, 3.0, VLA:C:1:27, 1, 50.000, RR LL RL LR, 99-Jan-08 22:50:19, 99-Jan-08 22:52:20, 01h37m41.301s, +33d09'35.06"
0134+329, AF0350-public, 22435.100, 0, 170, 0.582, 0.9, 2.5, VLA:C:1:27, 1, 50.000, RR LL RL LR, 99-Jan-08 22:52:39, 99-Jan-08 22:55:19, 01h37m41.301s, +33d09'35.06"
0134+329, AF0350-public, 22485.100, 0, 170, 0.582, 0.9, 2.5, VLA:C:1:27, 1, 50.000, RR LL RL LR, 99-Jan-08 22:52:39, 99-Jan-08 22:55:19, 01h37m41.301s, +33d09'35.06"
0134+329, AF0350-public, 43314.900, 0, 200, 1.039, 0.47, 1.0, VLA:C:1:27, 1, 50.000, RR LL RL LR, 99-Jan-08 22:55:39, 99-Jan-08 22:58:50, 01h37m41.301s, +33d09'35.06"
0134+329, AF0350-public, 43364.900, 0, 200, 1.039, 0.47, 1.0, VLA:C:1:27, 1, 50.000, RR LL RL LR, 99-Jan-08 22:55:39, 99-Jan-08 22:58:50, 01h37m41.301s, +33d09'35.06"
MK348, AF0350-public, 1464.900, 0, 580, 0.229, 12.5, 30.0, VLA:C:1:27, 1, 3.100, RR LL RL LR, 99-Jan-08 22:59:19, 99-Jan-08 23:08:49, 00h48m47.086s, +31d57'24.51"
MK348, AF0350-public, 327.500, 0, 580, 0.356, 56.0, 150.0, VLA:C:1:27, 1, 50.000, RR LL RL LR, 99-Jan-08 22:59:19, 99-Jan-08 23:08:49, 00h48m47.086s, +31d57'24.51"
MK348, AF0350-public, 4835.100, 0, 290, 0.719, 3.9, 9.0, VLA:C:1:27, 1, 50.000, RR LL RL LR, 99-Jan-08 23:09:09, 99-Jan-08 23:13:49, 00h48m47.086s, +31d57'24.51"
MK348, AF0350-public, 4885.100, 0, 290, 0.719, 3.9, 9.0, VLA:C:1:27, 1, 50.000, RR LL RL LR, 99-Jan-08 23:09:09, 99-Jan-08 23:13:49, 00h48m47.086s, +31d57'24.51"
MK348, AF0350-public, 8485.100, 0, 370, 0.057, 2.3, 5.4, VLA:C:1:27, 1, 50.000, RR LL RL LR, 99-Jan-08 23:14:10, 99-Jan-08 23:20:19, 00h48m47.086s, +31d57'24.51"
MK348, AF0350-public, 8435.100, 0, 370, 0.057, 2.3, 5.4, VLA:C:1:27, 1, 50.000, RR LL RL LR, 99-Jan-08 23:14:10, 99-Jan-08 23:20:19, 00h48m47.086s, +31d57'24.51"
MK348, AF0350-public, 14914.900, 0, 230, 0.275, 1.2, 3.0, VLA:C:1:27, 1, 50.000, RR LL RL LR, 99-Jan-08 23:20:40, 99-Jan-08 23:24:19, 00h48m47.086s, +31d57'24.51"
MK348, AF0350-public, 14964.900, 0, 230, 0.275, 1.2, 3.0, VLA:C:1:27, 1, 50.000, RR LL RL LR, 99-Jan-08 23:20:40, 99-Jan-08 23:24:19, 00h48m47.086s, +31d57'24.51"
MK348, AF0350-public, 22435.100, 0, 410, 0.375, 0.9, 2.5, VLA:C:1:27, 1, 50.000, RR LL RL LR, 99-Jan-08 23:24:39, 99-Jan-08 23:31:19, 00h48m47.086s, +31d57'24.51"
MK348, AF0350-public, 22485.100, 0, 410, 0.375, 0.9, 2.5, VLA:C:1:27, 1, 50.000, RR LL RL LR, 99-Jan-08 23:24:39, 99-Jan-08 23:31:19, 00h48m47.086s, +31d57'24.51"
MK348, AF0350-public, 43314.900, 0, 40, 2.324, 0.47, 1.0, VLA:C:1:27, 1, 50.000, RR LL RL LR, 99-Jan-08 23:31:39, 99-Jan-08 23:32:20, 00h48m47.086s, +31d57'24.51"
MK348, AF0350-public, 43364.900, 0, 40, 2.324, 0.47, 1.0, VLA:C:1:27, 1, 50.000, RR LL RL LR, 99-Jan-08 23:31:39, 99-Jan-08 23:32:20, 00h48m47.086s, +31d57'24.51"
MK348, AF0350-public, 43314.900, 0, 360, 0.775, 0.47, 1.0, VLA:C:1:27, 1, 50.000, RR LL RL LR, 99-Jan-08 23:32:30, 99-Jan-08 23:38:19, 00h48m47.086s, +31d57'24.51"
MK348, AF0350-public, 43364.900, 0, 360, 0.775, 0.47, 1.0, VLA:C:1:27, 1, 50.000, RR LL RL LR, 99-Jan-08 23:32:30, 99-Jan-08 23:38:19, 00h48m47.086s, +31d57'24.51"
0106+013, AF0350-public, 1464.900, 0, 200, 0.39, 12.5, 30.0, VLA:C:1:27, 1, 3.100, RR LL RL LR, 99-Jan-08 23:39:40, 99-Jan-08 23:42:49, 01h08m38.774s, +01d35'00.24"
0106+013, AF0350-public, 327.500, 0, 200, 0.606, 56.0, 150.0, VLA:C:1:27, 1, 50.000, RR LL RL LR, 99-Jan-08 23:39:40, 99-Jan-08 23:42:49, 01h08m38.774s, +01d35'00.24"
0106+013, AF0350-public, 4835.100, 0, 130, 1.074, 3.9, 9.0, VLA:C:1:27, 1, 50.000, RR LL RL LR, 99-Jan-08 23:43:10, 99-Jan-08 23:45:09, 01h08m38.774s, +01d35'00.24"
0106+013, AF0350-public, 4885.100, 0, 130, 1.074, 3.9, 9.0, VLA:C:1:27, 1, 50.000, RR LL RL LR, 99-Jan-08 23:43:10, 99-Jan-08 23:45:09, 01h08m38.774s, +01d35'00.24"
0106+013, AF0350-public, 8435.100, 0, 260, 0.068, 2.3, 5.4, VLA:C:1:27, 1, 50.000, RR LL RL LR, 99-Jan-08 23:45:30, 99-Jan-08 23:49:49, 01h08m38.774s, +01d35'00.24"
0106+013, AF0350-public, 8485.100, 0, 260, 0.068, 2.3, 5.4, VLA:C:1:27, 1, 50.000, RR LL RL LR, 99-Jan-08 23:45:30, 99-Jan-08 23:49:49, 01h08m38.774s, +01d35'00.24"
0106+013, AF0350-public, 14914.900, 0, 130, 0.365, 1.2, 3.0, VLA:C:1:27, 1, 50.000, RR LL RL LR, 99-Jan-08 23:50:10, 99-Jan-08 23:52:10, 01h08m38.774s, +01d35'00.24"
0106+013, AF0350-public, 14964.900, 0, 130, 0.365, 1.2, 3.0, VLA:C:1:27, 1, 50.000, RR LL RL LR, 99-Jan-08 23:50:10, 99-Jan-08 23:52:10, 01h08m38.774s, +01d35'00.24"
0106+013, AF0350-public, 22435.100, 0, 170, 0.582, 0.9, 2.5, VLA:C:1:27, 1, 50.000, RR LL RL LR, 99-Jan-08 23:52:30, 99-Jan-08 23:55:10, 01h08m38.774s, +01d35'00.24"
0106+013, AF0350-public, 22485.100, 0, 170, 0.582, 0.9, 2.5, VLA:C:1:27, 1, 50.000, RR LL RL LR, 99-Jan-08 23:52:30, 99-Jan-08 23:55:10, 01h08m38.774s, +01d35'00.24"
0106+013, AF0350-public, 43314.900, 0, 200, 1.039, 0.47, 1.0, VLA:C:1:27, 1, 50.000, RR LL RL LR, 99-Jan-08 23:55:29, 99-Jan-08 23:58:49, 01h08m38.774s, +01d35'00.24"
0106+013, AF0350-public, 43364.900, 0, 200, 1.039, 0.47, 1.0, VLA:C:1:27, 1, 50.000, RR LL RL LR, 99-Jan-08 23:55:29, 99-Jan-08 23:58:49, 01h08m38.774s, +01d35'00.24"
0134+329, AK0468-public, 8435.100, 0, 320, 0.092, 2.3, 5.4, VLA:C:1:12, 1, 50.000, RR LL RL LR, 99-Jan-09 00:00:39, 99-Jan-09 00:06:00, 01h37m41.301s, +33d09'35.06"
0134+329, AK0468-public, 8485.100, 0, 320, 0.092, 2.3, 5.4, VLA:C:1:12, 1, 50.000, RR LL RL LR, 99-Jan-09 00:00:39, 99-Jan-09 00:06:00, 01h37m41.301s, +33d09'35.06"
0134+329, AK0468-public, 8435.100, 0, 310, 0.084, 2.3, 5.4, VLA:C:2:15, 1, 50.000, RR LL RL LR, 99-Jan-09 00:00:49, 99-Jan-09 00:06:00, 01h37m41.301s, +33d09'35.06"
0134+329, AK0468-public, 8485.100, 0, 310, 0.084, 2.3, 5.4, VLA:C:2:15, 1, 50.000, RR LL RL LR, 99-Jan-09 00:00:49, 99-Jan-09 00:06:00, 01h37m41.301s, +33d09'35.06"
0134+329, AK0468-public, 43314.900, 0, 880, 0.743, 0.47, 1.0, VLA:C:1:12, 1, 50.000, RR LL RL LR, 99-Jan-09 00:06:49, 99-Jan-09 00:21:19, 01h37m41.301s, +33d09'35.06"
0134+329, AK0468-public, 43364.900, 0, 880, 0.743, 0.47, 1.0, VLA:C:1:12, 1, 50.000, RR LL RL LR, 99-Jan-09 00:06:49, 99-Jan-09 00:21:19, 01h37m41.301s, +33d09'35.06"
0134+329, AK0468-public, 22435.100, 0, 3020, 0.185, 0.9, 2.5, VLA:C:2:15, 1, 50.000, RR LL RL LR, 99-Jan-09 00:06:49, 99-Jan-09 00:36:39, 01h37m41.301s, +33d09'35.06"
0134+329, AK0468-public, 22485.100, 0, 3020, 0.185, 0.9, 2.5, VLA:C:2:15, 1, 50.000, RR LL RL LR, 99-Jan-09 00:06:49, 99-Jan-09 00:36:39, 01h37m41.301s, +33d09'35.06"
0333+321, AK0468-public, 8435.100, 0, 2470, 0.033, 2.3, 5.4, VLA:C:1:12, 1, 50.000, RR LL RL LR, 99-Jan-09 00:22:39, 99-Jan-09 07:16:49, 03h36m30.108s, +32d18'29.29"
0333+321, AK0468-public, 8485.100, 0, 2470, 0.033, 2.3, 5.4, VLA:C:1:12, 1, 50.000, RR LL RL LR, 99-Jan-09 00:22:39, 99-Jan-09 07:16:49, 03h36m30.108s, +32d18'29.29"
04114+34113, AK0468-public, 43314.900, 0, 6953.3, 0.264, 0.47, 1.0, VLA:C:1:12, 1, 50.000, RR LL RL LR, 99-Jan-09 00:27:00, 99-Jan-09 07:34:39, 04h14m37.257s, +34d18'51.09"
04114+34113, AK0468-public, 43364.900, 0, 6953.3, 0.264, 0.47, 1.0, VLA:C:1:12, 1, 50.000, RR LL RL LR, 99-Jan-09 00:27:00, 99-Jan-09 07:34:39, 04h14m37.257s, +34d18'51.09"
04188+28196, AK0468-public, 43314.900, 0, 8396.7, 0.241, 0.47, 1.0, VLA:C:1:12, 1, 50.000, RR LL RL LR, 99-Jan-09 00:27:43, 99-Jan-09 07:12:29, 04h21m57.390s, +28d26'36.82"
04188+28196, AK0468-public, 43364.900, 0, 8396.7, 0.241, 0.47, 1.0, VLA:C:1:12, 1, 50.000, RR LL RL LR, 99-Jan-09 00:27:43, 99-Jan-09 07:12:29, 04h21m57.390s, +28d26'36.82"
0134+329, AK0468-public, 14914.900, 0, 900, 0.186, 1.2, 3.0, VLA:C:2:15, 1, 50.000, RR LL RL LR, 99-Jan-09 00:37:03, 99-Jan-09 00:51:59, 01h37m41.301s, +33d09'35.06"
0134+329, AK0468-public, 14964.900, 0, 900, 0.186, 1.2, 3.0, VLA:C:2:15, 1, 50.000, RR LL RL LR, 99-Jan-09 00:37:03, 99-Jan-09 00:51:59, 01h37m41.301s, +33d09'35.06"
0411+341, AK0468-public, 22435.100, 0, 3726.7, 0.167, 0.9, 2.5, VLA:C:2:15, 1, 50.000, RR LL RL LR, 99-Jan-09 00:53:43, 99-Jan-09 07:57:39, 04h14m37.257s, +34d18'51.09"
0411+341, AK0468-public, 22485.100, 0, 3726.7, 0.167, 0.9, 2.5, VLA:C:2:15, 1, 50.000, RR LL RL LR, 99-Jan-09 00:53:43, 99-Jan-09 07:57:39, 04h14m37.257s, +34d18'51.09"
RYTAU, AK0468-public, 22435.100, 0, 4803.3, 0.147, 0.9, 2.5, VLA:C:2:15, 1, 50.000, RR LL RL LR, 99-Jan-09 00:59:19, 99-Jan-09 07:16:10, 04h21m57.390s, +28d26'36.82"
RYTAU, AK0468-public, 22485.100, 0, 4803.3, 0.147, 0.9, 2.5, VLA:C:2:15, 1, 50.000, RR LL RL LR, 99-Jan-09 00:59:19, 99-Jan-09 07:16:10, 04h21m57.390s, +28d26'36.82"
04156+28120, AK0468-public, 43314.900, 0, 7450, 0.255, 0.47, 1.0, VLA:C:1:12, 1, 50.000, RR LL RL LR, 99-Jan-09 01:12:33, 99-Jan-09 07:35:09, 04h18m40.611s, +28d19'16.57"
04156+28120, AK0468-public, 43364.900, 0, 7450, 0.255, 0.47, 1.0, VLA:C:1:12, 1, 50.000, RR LL RL LR, 99-Jan-09 01:12:33, 99-Jan-09 07:35:09, 04h18m40.611s, +28d19'16.57"
V892TAU, AK0468-public, 22435.100, 0, 4520, 0.152, 0.9, 2.5, VLA:C:2:15, 1, 50.000, RR LL RL LR, 99-Jan-09 01:35:29, 99-Jan-09 07:52:20, 04h18m40.611s, +28d19'16.57"
V892TAU, AK0468-public, 22485.100, 0, 4520, 0.152, 0.9, 2.5, VLA:C:2:15, 1, 50.000, RR LL RL LR, 99-Jan-09 01:35:29, 99-Jan-09 07:52:20, 04h18m40.611s, +28d19'16.57"
0411+341, AK0468-public, 14914.900, 0, 1096.7, 0.169, 1.2, 3.0, VLA:C:2:15, 1, 50.000, RR LL RL LR, 99-Jan-09 02:11:50, 99-Jan-09 06:02:00, 04h14m37.257s, +34d18'51.09"
0411+341, AK0468-public, 14964.900, 0, 1096.7, 0.169, 1.2, 3.0, VLA:C:2:15, 1, 50.000, RR LL RL LR, 99-Jan-09 02:11:50, 99-Jan-09 06:02:00, 04h14m37.257s, +34d18'51.09"
RYTAU, AK0468-public, 14914.900, 0, 2500, 0.112, 1.2, 3.0, VLA:C:2:15, 1, 50.000, RR LL RL LR, 99-Jan-09 02:15:33, 99-Jan-09 05:31:49, 04h21m57.390s, +28d26'36.82"
RYTAU, AK0468-public, 14964.900, 0, 2500, 0.112, 1.2, 3.0, VLA:C:2:15, 1, 50.000, RR LL RL LR, 99-Jan-09 02:15:33, 99-Jan-09 05:31:49, 04h21m57.390s, +28d26'36.82"
V892TAU, AK0468-public, 14914.900, 0, 4640, 0.082, 1.2, 3.0, VLA:C:2:15, 1, 50.000, RR LL RL LR, 99-Jan-09 02:39:49, 99-Jan-09 05:58:09, 04h18m40.611s, +28d19'16.57"
V892TAU, AK0468-public, 14964.900, 0, 4640, 0.082, 1.2, 3.0, VLA:C:2:15, 1, 50.000, RR LL RL LR, 99-Jan-09 02:39:49, 99-Jan-09 05:58:09, 04h18m40.611s, +28d19'16.57"
0411+341, AK0468-public, 8435.100, 0, 756.7, 0.054, 2.3, 5.4, VLA:C:2:15, 1, 50.000, RR LL RL LR, 99-Jan-09 03:04:30, 99-Jan-09 06:40:10, 04h14m37.257s, +34d18'51.09"
0411+341, AK0468-public, 8485.100, 0, 756.7, 0.054, 2.3, 5.4, VLA:C:2:15, 1, 50.000, RR LL RL LR, 99-Jan-09 03:04:30, 99-Jan-09 06:40:10, 04h14m37.257s, +34d18'51.09"
RYTAU, AK0468-public, 8435.100, 0, 1763.3, 0.035, 2.3, 5.4, VLA:C:2:15, 1, 50.000, RR LL RL LR, 99-Jan-09 03:08:10, 99-Jan-09 06:21:09, 04h21m57.390s, +28d26'36.82"
RYTAU, AK0468-public, 8485.100, 0, 1763.3, 0.035, 2.3, 5.4, VLA:C:2:15, 1, 50.000, RR LL RL LR, 99-Jan-09 03:08:10, 99-Jan-09 06:21:09, 04h21m57.390s, +28d26'36.82"
V892TAU, AK0468-public, 8435.100, 0, 3100, 0.027, 2.3, 5.4, VLA:C:2:15, 1, 50.000, RR LL RL LR, 99-Jan-09 03:23:29, 99-Jan-09 06:36:39, 04h18m40.611s, +28d19'16.57"
V892TAU, AK0468-public, 8485.100, 0, 3100, 0.027, 2.3, 5.4, VLA:C:2:15, 1, 50.000, RR LL RL LR, 99-Jan-09 03:23:29, 99-Jan-09 06:36:39, 04h18m40.611s, +28d19'16.57"
1328+307, AK0468-public, 8435.100, 0, 200, 0.117, 2.3, 5.4, VLA:C:1:12, 1, 50.000, RR LL RL LR, 99-Jan-09 07:38:50, 99-Jan-09 07:41:59, 13h31m08.293s, +30d30'33.04"
1328+307, AK0468-public, 8485.100, 0, 200, 0.117, 2.3, 5.4, VLA:C:1:12, 1, 50.000, RR LL RL LR, 99-Jan-09 07:38:50, 99-Jan-09 07:41:59, 13h31m08.293s, +30d30'33.04"
1328+307, AK0468-public, 43314.900, 0, 920, 0.727, 0.47, 1.0, VLA:C:1:12, 1, 50.000, RR LL RL LR, 99-Jan-09 07:42:19, 99-Jan-09 07:57:39, 13h31m08.293s, +30d30'33.04"
1328+307, AK0468-public, 43364.900, 0, 920, 0.727, 0.47, 1.0, VLA:C:1:12, 1, 50.000, RR LL RL LR, 99-Jan-09 07:42:19, 99-Jan-09 07:57:39, 13h31m08.293s, +30d30'33.04"
1328+307, AC0521-public, 1409.518, 0, 0, ?, 12.5, 30.0, VLA:C:1:27, 64, 3.100, RR LL, 99-Jan-09 08:13:29, 99-Jan-09 08:28:30, 13h31m08.293s, +30d30'33.04"
1328+307, AC0521-public, 1416.174, 0, 0, ?, 12.5, 30.0, VLA:C:1:27, 64, 3.100, RR LL, 99-Jan-09 08:13:29, 99-Jan-09 08:28:30, 13h31m08.293s, +30d30'33.04"
1328+307, AC0521-public, 1409.518, 0, 990, 1.401, 12.5, 30.0, VLA:C:1:27, 64, 3.100, RR LL, 99-Jan-09 08:28:59, 99-Jan-09 08:44:59, 13h31m08.293s, +30d30'33.04"
1328+307, AC0521-public, 1416.174, 0, 990, 1.401, 12.5, 30.0, VLA:C:1:27, 64, 3.100, RR LL, 99-Jan-09 08:28:59, 99-Jan-09 08:44:59, 13h31m08.293s, +30d30'33.04"
PG13_C, AC0521-public, 1409.511, 0, 600, 1.799, 12.5, 30.0, VLA:C:1:27, 64, 3.100, RR LL, 99-Jan-09 08:46:00, 99-Jan-09 08:55:29, 13h12m17.678s, +35d15'23.06"
PG13_C, AC0521-public, 1416.167, 0, 600, 1.799, 12.5, 30.0, VLA:C:1:27, 64, 3.100, RR LL, 99-Jan-09 08:46:00, 99-Jan-09 08:55:29, 13h12m17.678s, +35d15'23.06"
PG13_N, AC0521-public, 1409.511, 0, 540, 1.897, 12.5, 30.0, VLA:C:1:27, 64, 3.100, RR LL, 99-Jan-09 08:56:29, 99-Jan-09 09:04:59, 13h12m17.535s, +35d31'23.06"
PG13_N, AC0521-public, 1416.166, 0, 540, 1.897, 12.5, 30.0, VLA:C:1:27, 64, 3.100, RR LL, 99-Jan-09 08:56:29, 99-Jan-09 09:04:59, 13h12m17.535s, +35d31'23.06"
PG13_E, AC0521-public, 1409.511, 0, 570, 1.846, 12.5, 30.0, VLA:C:1:27, 64, 3.100, RR LL, 99-Jan-09 09:06:00, 99-Jan-09 09:15:00, 13h13m36.020s, +35d15'24.82"
PG13_E, AC0521-public, 1416.167, 0, 570, 1.846, 12.5, 30.0, VLA:C:1:27, 64, 3.100, RR LL, 99-Jan-09 09:06:00, 99-Jan-09 09:15:00, 13h13m36.020s, +35d15'24.82"
PG13_S, AC0521-public, 1409.511, 0, 570, 1.846, 12.5, 30.0, VLA:C:1:27, 64, 3.100, RR LL, 99-Jan-09 09:15:59, 99-Jan-09 09:24:59, 13h12m17.820s, +34d59'23.06"
PG13_S, AC0521-public, 1416.167, 0, 570, 1.846, 12.5, 30.0, VLA:C:1:27, 64, 3.100, RR LL, 99-Jan-09 09:15:59, 99-Jan-09 09:24:59, 13h12m17.820s, +34d59'23.06"
PG13_W, AC0521-public, 1409.511, 0, 570, 1.846, 12.5, 30.0, VLA:C:1:27, 64, 3.100, RR LL, 99-Jan-09 09:26:00, 99-Jan-09 09:35:00, 13h10m59.336s, +35d15'21.33"
PG13_W, AC0521-public, 1416.167, 0, 570, 1.846, 12.5, 30.0, VLA:C:1:27, 64, 3.100, RR LL, 99-Jan-09 09:26:00, 99-Jan-09 09:35:00, 13h10m59.336s, +35d15'21.33"
1328+307, AC0521-public, 1409.518, 0, 180, 3.285, 12.5, 30.0, VLA:C:1:27, 64, 3.100, RR LL, 99-Jan-09 09:36:00, 99-Jan-09 09:38:29, 13h31m08.293s, +30d30'33.04"
1328+307, AC0521-public, 1416.174, 0, 180, 3.285, 12.5, 30.0, VLA:C:1:27, 64, 3.100, RR LL, 99-Jan-09 09:36:00, 99-Jan-09 09:38:29, 13h31m08.293s, +30d30'33.04"
PG13_C, AC0521-public, 1409.511, 0, 600, 1.799, 12.5, 30.0, VLA:C:1:27, 64, 3.100, RR LL, 99-Jan-09 09:39:30, 99-Jan-09 09:49:00, 13h12m17.678s, +35d15'23.06"
PG13_C, AC0521-public, 1416.167, 0, 600, 1.799, 12.5, 30.0, VLA:C:1:27, 64, 3.100, RR LL, 99-Jan-09 09:39:30, 99-Jan-09 09:49:00, 13h12m17.678s, +35d15'23.06"
PG13_N, AC0521-public, 1409.510, 0, 570, 1.846, 12.5, 30.0, VLA:C:1:27, 64, 3.100, RR LL, 99-Jan-09 09:49:59, 99-Jan-09 09:58:59, 13h12m17.535s, +35d31'23.06"
PG13_N, AC0521-public, 1416.166, 0, 570, 1.846, 12.5, 30.0, VLA:C:1:27, 64, 3.100, RR LL, 99-Jan-09 09:49:59, 99-Jan-09 09:58:59, 13h12m17.535s, +35d31'23.06"
PG13_E, AC0521-public, 1409.511, 0, 570, 1.846, 12.5, 30.0, VLA:C:1:27, 64, 3.100, RR LL, 99-Jan-09 10:00:00, 99-Jan-09 10:09:00, 13h13m36.020s, +35d15'24.82"
PG13_E, AC0521-public, 1416.167, 0, 570, 1.846, 12.5, 30.0, VLA:C:1:27, 64, 3.100, RR LL, 99-Jan-09 10:00:00, 99-Jan-09 10:09:00, 13h13m36.020s, +35d15'24.82"
PG13_S, AC0521-public, 1409.511, 0, 570, 1.846, 12.5, 30.0, VLA:C:1:27, 64, 3.100, RR LL, 99-Jan-09 10:09:59, 99-Jan-09 10:18:59, 13h12m17.820s, +34d59'23.06"
PG13_S, AC0521-public, 1416.167, 0, 570, 1.846, 12.5, 30.0, VLA:C:1:27, 64, 3.100, RR LL, 99-Jan-09 10:09:59, 99-Jan-09 10:18:59, 13h12m17.820s, +34d59'23.06"
PG13_W, AC0521-public, 1416.167, 0, 570, 1.846, 12.5, 30.0, VLA:C:1:27, 64, 3.100, RR LL, 99-Jan-09 10:20:00, 99-Jan-09 10:29:00, 13h10m59.336s, +35d15'21.33"
PG13_W, AC0521-public, 1409.511, 0, 570, 1.846, 12.5, 30.0, VLA:C:1:27, 64, 3.100, RR LL, 99-Jan-09 10:20:00, 99-Jan-09 10:29:00, 13h10m59.336s, +35d15'21.33"
1328+307, AC0521-public, 1409.518, 0, 180, 3.285, 12.5, 30.0, VLA:C:1:27, 64, 3.100, RR LL, 99-Jan-09 10:30:00, 99-Jan-09 10:32:29, 13h31m08.293s, +30d30'33.04"
1328+307, AC0521-public, 1416.174, 0, 180, 3.285, 12.5, 30.0, VLA:C:1:27, 64, 3.100, RR LL, 99-Jan-09 10:30:00, 99-Jan-09 10:32:29, 13h31m08.293s, +30d30'33.04"
PG13_C, AC0521-public, 1409.511, 0, 570, 1.846, 12.5, 30.0, VLA:C:1:27, 64, 3.100, RR LL, 99-Jan-09 10:33:30, 99-Jan-09 10:42:30, 13h12m17.678s, +35d15'23.06"
PG13_C, AC0521-public, 1416.166, 0, 570, 1.846, 12.5, 30.0, VLA:C:1:27, 64, 3.100, RR LL, 99-Jan-09 10:33:30, 99-Jan-09 10:42:30, 13h12m17.678s, +35d15'23.06"
PG13_N, AC0521-public, 1409.510, 0, 570, 1.846, 12.5, 30.0, VLA:C:1:27, 64, 3.100, RR LL, 99-Jan-09 10:43:30, 99-Jan-09 10:52:30, 13h12m17.535s, +35d31'23.06"
PG13_N, AC0521-public, 1416.166, 0, 570, 1.846, 12.5, 30.0, VLA:C:1:27, 64, 3.100, RR LL, 99-Jan-09 10:43:30, 99-Jan-09 10:52:30, 13h12m17.535s, +35d31'23.06"
PG13_E, AC0521-public, 1416.166, 0, 570, 1.846, 12.5, 30.0, VLA:C:1:27, 64, 3.100, RR LL, 99-Jan-09 10:53:29, 99-Jan-09 11:02:29, 13h13m36.020s, +35d15'24.82"
PG13_E, AC0521-public, 1409.510, 0, 570, 1.846, 12.5, 30.0, VLA:C:1:27, 64, 3.100, RR LL, 99-Jan-09 10:53:29, 99-Jan-09 11:02:29, 13h13m36.020s, +35d15'24.82"
PG13_S, AC0521-public, 1409.511, 0, 570, 1.846, 12.5, 30.0, VLA:C:1:27, 64, 3.100, RR LL, 99-Jan-09 11:03:30, 99-Jan-09 11:12:30, 13h12m17.820s, +34d59'23.06"
PG13_S, AC0521-public, 1416.167, 0, 570, 1.846, 12.5, 30.0, VLA:C:1:27, 64, 3.100, RR LL, 99-Jan-09 11:03:30, 99-Jan-09 11:12:30, 13h12m17.820s, +34d59'23.06"
PG13_W, AC0521-public, 1409.510, 0, 570, 1.846, 12.5, 30.0, VLA:C:1:27, 64, 3.100, RR LL, 99-Jan-09 11:13:29, 99-Jan-09 11:22:29, 13h10m59.336s, +35d15'21.33"
PG13_W, AC0521-public, 1416.166, 0, 570, 1.846, 12.5, 30.0, VLA:C:1:27, 64, 3.100, RR LL, 99-Jan-09 11:13:29, 99-Jan-09 11:22:29, 13h10m59.336s, +35d15'21.33"
PG13_C, AC0521-public, 1416.166, 0, 420, 2.15, 12.5, 30.0, VLA:C:1:27, 64, 3.100, RR LL, 99-Jan-09 11:30:00, 99-Jan-09 11:36:30, 13h12m17.678s, +35d15'23.06"
PG13_C, AC0521-public, 1409.510, 0, 420, 2.15, 12.5, 30.0, VLA:C:1:27, 64, 3.100, RR LL, 99-Jan-09 11:30:00, 99-Jan-09 11:36:30, 13h12m17.678s, +35d15'23.06"
PG13_N, AC0521-public, 1416.166, 0, 570, 1.846, 12.5, 30.0, VLA:C:1:27, 64, 3.100, RR LL, 99-Jan-09 11:37:30, 99-Jan-09 11:46:29, 13h12m17.535s, +35d31'23.06"
PG13_W, AC0521-public, 1409.509, 0, 570, 1.846, 12.5, 30.0, VLA:C:1:27, 64, 3.100, RR LL, 99-Jan-09 14:02:29, 99-Jan-09 14:11:29, 13h10m59.336s, +35d15'21.33"
PG13_W, AC0521-public, 1416.165, 0, 570, 1.846, 12.5, 30.0, VLA:C:1:27, 64, 3.100, RR LL, 99-Jan-09 14:02:29, 99-Jan-09 14:11:29, 13h10m59.336s, +35d15'21.33"
1328+307, AC0521-public, 1409.516, 0, 150, 3.598, 12.5, 30.0, VLA:C:1:27, 64, 3.100, RR LL, 99-Jan-09 14:12:59, 99-Jan-09 14:15:00, 13h31m08.293s, +30d30'33.04"
1328+307, AC0521-public, 1416.172, 0, 150, 3.598, 12.5, 30.0, VLA:C:1:27, 64, 3.100, RR LL, 99-Jan-09 14:12:59, 99-Jan-09 14:15:00, 13h31m08.293s, +30d30'33.04"
PG13_C, AC0521-public, 1409.509, 0, 570, 1.846, 12.5, 30.0, VLA:C:1:27, 64, 3.100, RR LL, 99-Jan-09 14:16:30, 99-Jan-09 14:25:30, 13h12m17.678s, +35d15'23.06"
PG13_C, AC0521-public, 1416.165, 0, 570, 1.846, 12.5, 30.0, VLA:C:1:27, 64, 3.100, RR LL, 99-Jan-09 14:16:30, 99-Jan-09 14:25:30, 13h12m17.678s, +35d15'23.06"
PG13_N, AC0521-public, 1409.509, 0, 570, 1.846, 12.5, 30.0, VLA:C:1:27, 64, 3.100, RR LL, 99-Jan-09 14:26:29, 99-Jan-09 14:35:29, 13h12m17.535s, +35d31'23.06"
PG13_N, AC0521-public, 1416.164, 0, 570, 1.846, 12.5, 30.0, VLA:C:1:27, 64, 3.100, RR LL, 99-Jan-09 14:26:29, 99-Jan-09 14:35:29, 13h12m17.535s, +35d31'23.06"
PG13_E, AC0521-public, 1409.509, 0, 570, 1.846, 12.5, 30.0, VLA:C:1:27, 64, 3.100, RR LL, 99-Jan-09 14:36:30, 99-Jan-09 14:45:30, 13h13m36.020s, +35d15'24.82"
PG13_E, AC0521-public, 1416.165, 0, 570, 1.846, 12.5, 30.0, VLA:C:1:27, 64, 3.100, RR LL, 99-Jan-09 14:36:30, 99-Jan-09 14:45:30, 13h13m36.020s, +35d15'24.82"
PG13_S, AC0521-public, 1409.509, 0, 570, 1.846, 12.5, 30.0, VLA:C:1:27, 64, 3.100, RR LL, 99-Jan-09 14:46:29, 99-Jan-09 14:55:29, 13h12m17.820s, +34d59'23.06"
PG13_S, AC0521-public, 1416.165, 0, 570, 1.846, 12.5, 30.0, VLA:C:1:27, 64, 3.100, RR LL, 99-Jan-09 14:46:29, 99-Jan-09 14:55:29, 13h12m17.820s, +34d59'23.06"
PG13_W, AC0521-public, 1409.509, 0, 570, 1.846, 12.5, 30.0, VLA:C:1:27, 64, 3.100, RR LL, 99-Jan-09 14:56:29, 99-Jan-09 15:05:29, 13h10m59.336s, +35d15'21.33"
PG13_W, AC0521-public, 1416.165, 0, 570, 1.846, 12.5, 30.0, VLA:C:1:27, 64, 3.100, RR LL, 99-Jan-09 14:56:29, 99-Jan-09 15:05:29, 13h10m59.336s, +35d15'21.33"
1328+307, AC0521-public, 1409.516, 0, 180, 3.285, 12.5, 30.0, VLA:C:1:27, 64, 3.100, RR LL, 99-Jan-09 15:06:30, 99-Jan-09 15:08:59, 13h31m08.293s, +30d30'33.04"
1328+307, AC0521-public, 1416.172, 0, 180, 3.285, 12.5, 30.0, VLA:C:1:27, 64, 3.100, RR LL, 99-Jan-09 15:06:30, 99-Jan-09 15:08:59, 13h31m08.293s, +30d30'33.04"
PG13_C, AC0521-public, 1409.509, 0, 570, 1.846, 12.5, 30.0, VLA:C:1:27, 64, 3.100, RR LL, 99-Jan-09 15:09:59, 99-Jan-09 15:18:59, 13h12m17.678s, +35d15'23.06"
PG13_C, AC0521-public, 1416.165, 0, 570, 1.846, 12.5, 30.0, VLA:C:1:27, 64, 3.100, RR LL, 99-Jan-09 15:09:59, 99-Jan-09 15:18:59, 13h12m17.678s, +35d15'23.06"
PG13_N, AC0521-public, 1409.508, 0, 570, 1.846, 12.5, 30.0, VLA:C:1:27, 64, 3.100, RR LL, 99-Jan-09 15:20:00, 99-Jan-09 15:29:00, 13h12m17.535s, +35d31'23.06"
PG13_N, AC0521-public, 1416.164, 0, 570, 1.846, 12.5, 30.0, VLA:C:1:27, 64, 3.100, RR LL, 99-Jan-09 15:20:00, 99-Jan-09 15:29:00, 13h12m17.535s, +35d31'23.06"
PG13_E, AC0521-public, 1409.509, 0, 570, 1.846, 12.5, 30.0, VLA:C:1:27, 64, 3.100, RR LL, 99-Jan-09 15:29:59, 99-Jan-09 15:38:59, 13h13m36.020s, +35d15'24.82"
PG13_E, AC0521-public, 1416.165, 0, 570, 1.846, 12.5, 30.0, VLA:C:1:27, 64, 3.100, RR LL, 99-Jan-09 15:29:59, 99-Jan-09 15:38:59, 13h13m36.020s, +35d15'24.82"
PG13_S, AC0521-public, 1409.509, 0, 90, 4.646, 12.5, 30.0, VLA:C:1:27, 64, 3.100, RR LL, 99-Jan-09 15:40:00, 99-Jan-09 15:41:29, 13h12m17.820s, +34d59'23.06"
PG13_S, AC0521-public, 1416.165, 0, 90, 4.646, 12.5, 30.0, VLA:C:1:27, 64, 3.100, RR LL, 99-Jan-09 15:40:00, 99-Jan-09 15:41:29, 13h12m17.820s, +34d59'23.06"
PG13_S, AC0521-public, 1409.509, 0, 450, 2.078, 12.5, 30.0, VLA:C:1:27, 64, 3.100, RR LL, 99-Jan-09 15:42:00, 99-Jan-09 15:49:00, 13h12m17.820s, +34d59'23.06"
PG13_S, AC0521-public, 1416.165, 0, 450, 2.078, 12.5, 30.0, VLA:C:1:27, 64, 3.100, RR LL, 99-Jan-09 15:42:00, 99-Jan-09 15:49:00, 13h12m17.820s, +34d59'23.06"
PG13_W, AC0521-public, 1409.509, 0, 570, 1.846, 12.5, 30.0, VLA:C:1:27, 64, 3.100, RR LL, 99-Jan-09 15:49:59, 99-Jan-09 15:58:59, 13h10m59.336s, +35d15'21.33"
PG13_W, AC0521-public, 1416.164, 0, 570, 1.846, 12.5, 30.0, VLA:C:1:27, 64, 3.100, RR LL, 99-Jan-09 15:49:59, 99-Jan-09 15:58:59, 13h10m59.336s, +35d15'21.33"
1328+307, AC0521-public, 1409.516, 0, 180, 3.285, 12.5, 30.0, VLA:C:1:27, 64, 3.100, RR LL, 99-Jan-09 16:00:00, 99-Jan-09 16:02:30, 13h31m08.293s, +30d30'33.04"
1328+307, AC0521-public, 1416.172, 0, 180, 3.285, 12.5, 30.0, VLA:C:1:27, 64, 3.100, RR LL, 99-Jan-09 16:00:00, 99-Jan-09 16:02:30, 13h31m08.293s, +30d30'33.04"
PG13_C, AC0521-public, 1416.164, 0, 420, 2.15, 12.5, 30.0, VLA:C:1:27, 64, 3.100, RR LL, 99-Jan-09 16:03:29, 99-Jan-09 16:09:59, 13h12m17.678s, +35d15'23.06"
PG13_C, AC0521-public, 1409.508, 0, 420, 2.15, 12.5, 30.0, VLA:C:1:27, 64, 3.100, RR LL, 99-Jan-09 16:03:29, 99-Jan-09 16:09:59, 13h12m17.678s, +35d15'23.06"
PG13_N, AC0521-public, 1409.508, 0, 390, 2.232, 12.5, 30.0, VLA:C:1:27, 64, 3.100, RR LL, 99-Jan-09 16:11:00, 99-Jan-09 16:16:59, 13h12m17.535s, +35d31'23.06"
PG13_N, AC0521-public, 1416.164, 0, 390, 2.232, 12.5, 30.0, VLA:C:1:27, 64, 3.100, RR LL, 99-Jan-09 16:11:00, 99-Jan-09 16:16:59, 13h12m17.535s, +35d31'23.06"
PG13_E, AC0521-public, 1409.508, 0, 390, 2.232, 12.5, 30.0, VLA:C:1:27, 64, 3.100, RR LL, 99-Jan-09 16:18:00, 99-Jan-09 16:23:59, 13h13m36.020s, +35d15'24.82"
PG13_E, AC0521-public, 1416.164, 0, 390, 2.232, 12.5, 30.0, VLA:C:1:27, 64, 3.100, RR LL, 99-Jan-09 16:18:00, 99-Jan-09 16:23:59, 13h13m36.020s, +35d15'24.82"
PG13_S, AC0521-public, 1416.165, 0, 390, 2.232, 12.5, 30.0, VLA:C:1:27, 64, 3.100, RR LL, 99-Jan-09 16:25:00, 99-Jan-09 16:30:59, 13h12m17.820s, +34d59'23.06"
PG13_S, AC0521-public, 1409.509, 0, 390, 2.232, 12.5, 30.0, VLA:C:1:27, 64, 3.100, RR LL, 99-Jan-09 16:25:00, 99-Jan-09 16:30:59, 13h12m17.820s, +34d59'23.06"
PG13_W, AC0521-public, 1409.508, 0, 390, 2.232, 12.5, 30.0, VLA:C:1:27, 64, 3.100, RR LL, 99-Jan-09 16:32:00, 99-Jan-09 16:38:00, 13h10m59.336s, +35d15'21.33"
PG13_W, AC0521-public, 1416.164, 0, 390, 2.232, 12.5, 30.0, VLA:C:1:27, 64, 3.100, RR LL, 99-Jan-09 16:32:00, 99-Jan-09 16:38:00, 13h10m59.336s, +35d15'21.33"
1328+307, AC0521-public, 1409.515, 0, 180, 3.285, 12.5, 30.0, VLA:C:1:27, 64, 3.100, RR LL, 99-Jan-09 16:38:59, 99-Jan-09 16:41:29, 13h31m08.293s, +30d30'33.04"
1328+307, AC0521-public, 1416.171, 0, 180, 3.285, 12.5, 30.0, VLA:C:1:27, 64, 3.100, RR LL, 99-Jan-09 16:38:59, 99-Jan-09 16:41:29, 13h31m08.293s, +30d30'33.04"
PG13_C, AC0521-public, 1409.508, 0, 390, 2.232, 12.5, 30.0, VLA:C:1:27, 64, 3.100, RR LL, 99-Jan-09 16:42:30, 99-Jan-09 16:48:29, 13h12m17.678s, +35d15'23.06"
PG13_C, AC0521-public, 1416.164, 0, 390, 2.232, 12.5, 30.0, VLA:C:1:27, 64, 3.100, RR LL, 99-Jan-09 16:42:30, 99-Jan-09 16:48:29, 13h12m17.678s, +35d15'23.06"
PG13_N, AC0521-public, 1409.508, 0, 390, 2.232, 12.5, 30.0, VLA:C:1:27, 64, 3.100, RR LL, 99-Jan-09 16:49:30, 99-Jan-09 16:55:29, 13h12m17.535s, +35d31'23.06"
PG13_N, AC0521-public, 1416.164, 0, 390, 2.232, 12.5, 30.0, VLA:C:1:27, 64, 3.100, RR LL, 99-Jan-09 16:49:30, 99-Jan-09 16:55:29, 13h12m17.535s, +35d31'23.06"
PG13_E, AC0521-public, 1409.508, 0, 390, 2.232, 12.5, 30.0, VLA:C:1:27, 64, 3.100, RR LL, 99-Jan-09 16:56:30, 99-Jan-09 17:02:29, 13h13m36.020s, +35d15'24.82"
PG13_E, AC0521-public, 1416.164, 0, 390, 2.232, 12.5, 30.0, VLA:C:1:27, 64, 3.100, RR LL, 99-Jan-09 16:56:30, 99-Jan-09 17:02:29, 13h13m36.020s, +35d15'24.82"
PG13_S, AC0521-public, 1409.509, 0, 390, 2.232, 12.5, 30.0, VLA:C:1:27, 64, 3.100, RR LL, 99-Jan-09 17:03:30, 99-Jan-09 17:09:30, 13h12m17.820s, +34d59'23.06"
PG13_S, AC0521-public, 1416.165, 0, 390, 2.232, 12.5, 30.0, VLA:C:1:27, 64, 3.100, RR LL, 99-Jan-09 17:03:30, 99-Jan-09 17:09:30, 13h12m17.820s, +34d59'23.06"
PG13_W, AC0521-public, 1409.508, 0, 390, 2.232, 12.5, 30.0, VLA:C:1:27, 64, 3.100, RR LL, 99-Jan-09 17:10:29, 99-Jan-09 17:16:30, 13h10m59.336s, +35d15'21.33"
PG13_W, AC0521-public, 1416.164, 0, 390, 2.232, 12.5, 30.0, VLA:C:1:27, 64, 3.100, RR LL, 99-Jan-09 17:10:29, 99-Jan-09 17:16:30, 13h10m59.336s, +35d15'21.33"
1328+307, AC0521-public, 1409.515, 0, 510, 1.952, 12.5, 30.0, VLA:C:1:27, 64, 3.100, RR LL, 99-Jan-09 17:17:29, 99-Jan-09 17:26:00, 13h31m08.293s, +30d30'33.04"
1328+307, AC0521-public, 1416.171, 0, 510, 1.952, 12.5, 30.0, VLA:C:1:27, 64, 3.100, RR LL, 99-Jan-09 17:17:29, 99-Jan-09 17:26:00, 13h31m08.293s, +30d30'33.04"
1331+305, AH0628-public, 1385.100, 0, 330, 0.076, 12.5, 30.0, VLA:C:1:27, 1, 50.000, RR LL RL LR, 99-Jan-09 17:26:29, 99-Jan-09 17:31:49, 13h31m08.288s, +30d30'32.96"
1331+305, AH0628-public, 1464.900, 0, 330, 0.076, 12.5, 30.0, VLA:C:1:27, 1, 50.000, RR LL RL LR, 99-Jan-09 17:26:29, 99-Jan-09 17:31:49, 13h31m08.288s, +30d30'32.96"
1331+305, AH0628-public, 4835.100, 0, 110, 1.168, 3.9, 9.0, VLA:C:1:27, 1, 50.000, RR LL RL LR, 99-Jan-09 17:32:10, 99-Jan-09 17:33:49, 13h31m08.288s, +30d30'32.96"
1331+305, AH0628-public, 4885.100, 0, 110, 1.168, 3.9, 9.0, VLA:C:1:27, 1, 50.000, RR LL RL LR, 99-Jan-09 17:32:10, 99-Jan-09 17:33:49, 13h31m08.288s, +30d30'32.96"
1331+305, AH0628-public, 8435.100, 0, 110, 0.105, 2.3, 5.4, VLA:C:1:27, 1, 50.000, RR LL RL LR, 99-Jan-09 17:34:10, 99-Jan-09 17:35:49, 13h31m08.288s, +30d30'32.96"
1331+305, AH0628-public, 8485.100, 0, 110, 0.105, 2.3, 5.4, VLA:C:1:27, 1, 50.000, RR LL RL LR, 99-Jan-09 17:34:10, 99-Jan-09 17:35:49, 13h31m08.288s, +30d30'32.96"
1331+305, AH0628-public, 14914.900, 0, 110, 0.397, 1.2, 3.0, VLA:C:1:27, 1, 50.000, RR LL RL LR, 99-Jan-09 17:36:09, 99-Jan-09 17:37:49, 13h31m08.288s, +30d30'32.96"
1331+305, AH0628-public, 14964.900, 0, 110, 0.397, 1.2, 3.0, VLA:C:1:27, 1, 50.000, RR LL RL LR, 99-Jan-09 17:36:09, 99-Jan-09 17:37:49, 13h31m08.288s, +30d30'32.96"
1331+305, AH0628-public, 22435.100, 0, 110, 0.724, 0.9, 2.5, VLA:C:1:27, 1, 50.000, RR LL RL LR, 99-Jan-09 17:38:09, 99-Jan-09 17:39:49, 13h31m08.288s, +30d30'32.96"
1331+305, AH0628-public, 22485.100, 0, 110, 0.724, 0.9, 2.5, VLA:C:1:27, 1, 50.000, RR LL RL LR, 99-Jan-09 17:38:09, 99-Jan-09 17:39:49, 13h31m08.288s, +30d30'32.96"
1744-312, AH0628-public, 8435.100, 0, 120, 0.101, 2.3, 5.4, VLA:C:1:27, 1, 50.000, RR LL RL LR, 99-Jan-09 17:42:29, 99-Jan-09 17:44:19, 17h44m23.583s, -31d16'35.98"
1744-312, AH0628-public, 8485.100, 0, 120, 0.101, 2.3, 5.4, VLA:C:1:27, 1, 50.000, RR LL RL LR, 99-Jan-09 17:42:29, 99-Jan-09 17:44:19, 17h44m23.583s, -31d16'35.98"
X1748-28, AH0628-public, 8435.100, 0, 230, 0.073, 2.3, 5.4, VLA:C:1:27, 1, 50.000, RR LL RL LR, 99-Jan-09 17:44:39, 99-Jan-09 17:48:20, 17h48m05.060s, -28d28'30.80"
X1748-28, AH0628-public, 8485.100, 0, 230, 0.073, 2.3, 5.4, VLA:C:1:27, 1, 50.000, RR LL RL LR, 99-Jan-09 17:44:39, 99-Jan-09 17:48:20, 17h48m05.060s, -28d28'30.80"
X1748-28, AH0628-public, 1385.100, 0, 300, 0.079, 12.5, 30.0, VLA:C:1:27, 1, 50.000, RR LL RL LR, 99-Jan-09 17:48:30, 99-Jan-09 17:53:19, 17h48m05.060s, -28d28'30.80"
X1748-28, AH0628-public, 1464.900, 0, 300, 0.079, 12.5, 30.0, VLA:C:1:27, 1, 50.000, RR LL RL LR, 99-Jan-09 17:48:30, 99-Jan-09 17:53:19, 17h48m05.060s, -28d28'30.80"
1751-253, AH0628-public, 1385.100, 0, 140, 0.116, 12.5, 30.0, VLA:C:1:27, 1, 50.000, RR LL RL LR, 99-Jan-09 17:53:39, 99-Jan-09 17:55:49, 17h51m51.263s, -25d24'00.06"
1751-253, AH0628-public, 1464.900, 0, 140, 0.116, 12.5, 30.0, VLA:C:1:27, 1, 50.000, RR LL RL LR, 99-Jan-09 17:53:39, 99-Jan-09 17:55:49, 17h51m51.263s, -25d24'00.06"
1751-253, AH0628-public, 4835.100, 0, 110, 1.168, 3.9, 9.0, VLA:C:1:27, 1, 50.000, RR LL RL LR, 99-Jan-09 17:56:09, 99-Jan-09 17:57:49, 17h51m51.263s, -25d24'00.06"
1751-253, AH0628-public, 4885.100, 0, 110, 1.168, 3.9, 9.0, VLA:C:1:27, 1, 50.000, RR LL RL LR, 99-Jan-09 17:56:09, 99-Jan-09 17:57:49, 17h51m51.263s, -25d24'00.06"
X1748-28, AH0628-public, 4835.100, 0, 230, 0.808, 3.9, 9.0, VLA:C:1:27, 1, 50.000, RR LL RL LR, 99-Jan-09 17:58:09, 99-Jan-09 18:01:50, 17h48m05.060s, -28d28'30.80"
X1748-28, AH0628-public, 4885.100, 0, 230, 0.808, 3.9, 9.0, VLA:C:1:27, 1, 50.000, RR LL RL LR, 99-Jan-09 17:58:09, 99-Jan-09 18:01:50, 17h48m05.060s, -28d28'30.80"
X1748-28, AH0628-public, 14914.900, 0, 400, 0.208, 1.2, 3.0, VLA:C:1:27, 1, 50.000, RR LL RL LR, 99-Jan-09 18:02:10, 99-Jan-09 18:08:40, 17h48m05.060s, -28d28'30.80"
X1748-28, AH0628-public, 14964.900, 0, 400, 0.208, 1.2, 3.0, VLA:C:1:27, 1, 50.000, RR LL RL LR, 99-Jan-09 18:02:10, 99-Jan-09 18:08:40, 17h48m05.060s, -28d28'30.80"
1744-312, AH0628-public, 22435.100, 0, 140, 0.642, 0.9, 2.5, VLA:C:1:27, 1, 50.000, RR LL RL LR, 99-Jan-09 18:08:59, 99-Jan-09 18:11:10, 17h44m23.583s, -31d16'35.98"
1744-312, AH0628-public, 22485.100, 0, 140, 0.642, 0.9, 2.5, VLA:C:1:27, 1, 50.000, RR LL RL LR, 99-Jan-09 18:08:59, 99-Jan-09 18:11:10, 17h44m23.583s, -31d16'35.98"
1744-312, AH0628-public, 14914.900, 0, 110, 0.397, 1.2, 3.0, VLA:C:1:27, 1, 50.000, RR LL RL LR, 99-Jan-09 18:11:29, 99-Jan-09 18:13:10, 17h44m23.583s, -31d16'35.98"
1744-312, AH0628-public, 14964.900, 0, 110, 0.397, 1.2, 3.0, VLA:C:1:27, 1, 50.000, RR LL RL LR, 99-Jan-09 18:11:29, 99-Jan-09 18:13:10, 17h44m23.583s, -31d16'35.98"
X1748-28, AH0628-public, 22435.100, 0, 740, 0.279, 0.9, 2.5, VLA:C:1:27, 1, 50.000, RR LL RL LR, 99-Jan-09 18:13:30, 99-Jan-09 18:25:49, 17h48m05.060s, -28d28'30.80"
X1748-28, AH0628-public, 22485.100, 0, 740, 0.279, 0.9, 2.5, VLA:C:1:27, 1, 50.000, RR LL RL LR, 99-Jan-09 18:13:30, 99-Jan-09 18:25:49, 17h48m05.060s, -28d28'30.80"
2128+048, AW0498-public, 1300.587, 0, 480, 4.09, 12.5, 30.0, VLA:C:1:27, 128, 1.500, RR LL, 99-Jan-09 18:27:59, 99-Jan-09 18:35:30, 21h30m32.881s, +05d02'17.41"
2109+0221, AW0498-public, 1300.596, 0, 2070, 1.969, 12.5, 30.0, VLA:C:1:27, 128, 1.500, RR LL, 99-Jan-09 18:36:29, 99-Jan-09 19:10:29, 21h11m43.149s, +02d34'01.14"
2128+048, AW0498-public, 1300.587, 0, 210, 6.183, 12.5, 30.0, VLA:C:1:27, 128, 1.500, RR LL, 99-Jan-09 19:11:30, 99-Jan-09 19:14:29, 21h30m32.881s, +05d02'17.41"
2109+0221, AW0498-public, 1300.596, 0, 2070, 1.969, 12.5, 30.0, VLA:C:1:27, 128, 1.500, RR LL, 99-Jan-09 19:15:30, 99-Jan-09 19:50:00, 21h11m43.149s, +02d34'01.14"
2128+048, AW0498-public, 1300.587, 0, 210, 6.183, 12.5, 30.0, VLA:C:1:27, 128, 1.500, RR LL, 99-Jan-09 19:50:59, 99-Jan-09 19:54:00, 21h30m32.881s, +05d02'17.41"
2109+0221, AW0498-public, 1300.596, 0, 2100, 1.955, 12.5, 30.0, VLA:C:1:27, 128, 1.500, RR LL, 99-Jan-09 19:54:59, 99-Jan-09 20:29:29, 21h11m43.149s, +02d34'01.14"
0134+329, AW0498-public, 1300.546, 0, 330, 4.932, 12.5, 30.0, VLA:C:1:27, 128, 1.500, RR LL, 99-Jan-09 20:32:30, 99-Jan-09 20:37:30, 01h37m41.301s, +33d09'35.06"
0134+329, AW0498-public, 1286.401, 0, 300, 5.173, 12.5, 30.0, VLA:C:1:27, 128, 1.500, RR LL, 99-Jan-09 20:38:29, 99-Jan-09 20:42:59, 01h37m41.301s, +33d09'35.06"
2128+048, AW0498-public, 1300.586, 0, 210, 6.183, 12.5, 30.0, VLA:C:1:27, 128, 1.500, RR LL, 99-Jan-09 20:46:00, 99-Jan-09 20:48:59, 21h30m32.881s, +05d02'17.41"
2109+0221, AW0498-public, 1300.596, 0, 240, 5.784, 12.5, 30.0, VLA:C:1:27, 128, 1.500, RR LL, 99-Jan-09 20:50:00, 99-Jan-09 20:53:59, 21h11m43.149s, +02d34'01.14"
2109+0221, AW0498-public, 1300.596, 0, 1860, 2.078, 12.5, 30.0, VLA:C:1:27, 128, 1.500, RR LL, 99-Jan-09 20:54:30, 99-Jan-09 21:24:59, 21h11m43.149s, +02d34'01.14"
0202+149, AW0498-public, 1286.392, 0, 180, 6.678, 12.5, 30.0, VLA:C:1:27, 128, 1.500, RR LL, 99-Jan-09 21:27:59, 99-Jan-09 21:30:30, 02h04m50.416s, +15d14'10.97"
0208+0121, AW0498-public, 1286.392, 0, 2040, 1.984, 12.5, 30.0, VLA:C:1:27, 128, 1.500, RR LL, 99-Jan-09 21:33:00, 99-Jan-09 22:05:59, 02h11m16.889s, +01d36'00.16"
0202+149, AW0498-public, 1286.392, 0, 180, 6.678, 12.5, 30.0, VLA:C:1:27, 128, 1.500, RR LL, 99-Jan-09 22:07:59, 99-Jan-09 22:10:29, 02h04m50.416s, +15d14'10.97"
0208+0121, AW0498-public, 1286.392, 0, 2040, 1.984, 12.5, 30.0, VLA:C:1:27, 128, 1.500, RR LL, 99-Jan-09 22:12:59, 99-Jan-09 22:45:59, 02h11m16.889s, +01d36'00.16"
0202+149, AW0498-public, 1286.391, 0, 180, 6.678, 12.5, 30.0, VLA:C:1:27, 128, 1.500, RR LL, 99-Jan-09 22:47:59, 99-Jan-09 22:50:29, 02h04m50.416s, +15d14'10.97"
0208+0121, AW0498-public, 1286.392, 0, 2040, 1.984, 12.5, 30.0, VLA:C:1:27, 128, 1.500, RR LL, 99-Jan-09 22:52:59, 99-Jan-09 23:26:00, 02h11m16.889s, +01d36'00.16"
0202+149, AW0498-public, 1286.391, 0, 180, 6.678, 12.5, 30.0, VLA:C:1:27, 128, 1.500, RR LL, 99-Jan-09 23:28:00, 99-Jan-09 23:30:30, 02h04m50.416s, +15d14'10.97"
0208+0121, AW0498-public, 1286.392, 0, 2040, 1.984, 12.5, 30.0, VLA:C:1:27, 128, 1.500, RR LL, 99-Jan-09 23:32:59, 99-Jan-10 00:06:00, 02h11m16.889s, +01d36'00.16"
